method,board,nodes,solve_length,opt_solve,solve_time
A*_zero,GBB.L.GHI.LMGHIAAMCCCK.M..JKDDEEJFF.,2620,79,51,0.19407439231872559
A*_zero,..IBBB..IK..AAJK.LCCJDDLGHEE.LGHFF..,3603,79,50,0.22527003288269043
A*_zero,BBBKLMHCCKLMH.AALMDDJ....IJEE..IFFGG,15529,89,49,1.9620864391326904
A*_zero,...JBB.CCJL.AAIKL.DDIKEEHFFF.MH.GG.M,2487,82,49,0.17974305152893066
A*_zero,...JBB.CCJL.AAIKL.DDIKEEHFFF.MHGGG.M,1598,83,49,0.1121516227722168
A*_zero,..HBBB..HJ..AAIJ.KCCIDDK.GEE.K.GFF..,1782,75,49,0.31043004989624023
A*_zero,BBBKLMHCCKLMH.AAL.DDJ....IJEE..IFFGG,22330,86,48,2.865826368331909
A*_zero,G..BBBGCCJ.KAAHJ.K..HDDK..IEE...IFFF,3399,73,48,0.41631245613098145
A*_zero,..HBBB..HJ..AAIJ.KCCIDDKFGEE.KFG....,1730,74,48,0.09838342666625977
A*_zero,BBCCL...J.LMI.JAAMIDDEEM.FFK..GGGKHH,4777,70,47,0.3565068244934082
A*_zero,BBJCC.DDJ.LMIAA.LMIEEELMI..KFFGG.KHH,1927,62,47,0.1420118808746338
A*_zero,...IBB.CCIK.AAHJK.DDHJEEGFFF.LG....L,710,79,47,0.042554378509521484
A*_zero,..GBBB..GI..AAHI.JCCHDDJ.FEE.J.F....,767,70,47,0.04069113731384277
A*_zero,BBBKL.HCCKL.H.AAL.DDJ....IJEE..IFFGG,7768,84,46,0.8869905471801758
A*_zero,BBH..LG.HCCLG.AAJMDD.IJMEEEIK.FFFIK.,8445,79,46,0.9837827682495117
A*_zero,H.BBBMHCCJLMAAIJLNDDIKLN...KEE.FFGG.,6931,76,46,0.5843589305877686
A*_zero,BBCCLM..J.LMI.JAAMIDDKEE.FFK..GGHHH.,5112,68,46,0.5838301181793213
A*_zero,BBJCC.DDJ.L.IAA.LMIEEELMI..KFFGG.KHH,2892,61,46,0.22481465339660645
A*_zero,BBICC.DDI.KLHAA.KLHEEEKLH..J..FF.JGG,2051,60,46,0.14866995811462402
A*_zero,BBICCC..I..KAAI..KHDDEEKHFFJ..GG.J..,994,74,46,0.05795407295227051
A*_zero,BBBCCMDD...MIAA..MIJEEFFIJKLGGHHKL..,1092,66,46,0.06986069679260254
A*_zero,EGBBKLEGH.KLF.HAAMFCCJ.MF.IJ.M..IDDD,769,70,46,0.044052839279174805
A*_zero,BBH..LG.HCCLG.AAJMDD.IJMEEEIK.FF.IK.,11724,77,45,1.362039566040039
A*_zero,GBBB..GCCC.LAAHIKLDDHIKL...JEE.FFJ..,9514,83,45,0.9974217414855957
A*_zero,GBBB..GCCCK.AAHIKLDDHIKL...JEE.FFJ..,8551,85,45,1.0327811241149902
A*_zero,GBBB..GCCCKLAAHIKLDDHIKL...JEE.FFJ..,5797,86,45,0.4973139762878418
A*_zero,BBICC.DDI.K.HAA.KLHEEEKLH..J..FF.JGG,2943,59,45,0.21912384033203125
A*_zero,BBICC.H.I.KLHAA.KLHDDDKL...JEEFF.JGG,2100,61,45,0.15881800651550293
A*_zero,..HBBL..HI.LAAHIKLGCCCK.GDDJ..EE.JFF,2237,77,45,0.14679813385009766
A*_zero,FBBIJKF.GIJKAAGI.LCCDD.L..H.....HEEE,973,60,45,0.06087064743041992
A*_zero,G.BB..GCCC.LAAHIKLDDHIKL...JEE.FFJ..,14255,78,44,1.6638846397399902
A*_zero,GBB.LMGHI.LMGHIAANCCJK.N..JKDD.EEFF.,3111,66,44,0.22948002815246582
A*_zero,G.BB..GCCCK.AAHIKLDDHIKL...JEE.FFJ..,13111,80,44,1.3295085430145264
A*_zero,BBH..LG.HCCLG.AAJLDD.IJ.EEEIK.FF.IK.,11615,74,44,1.2684755325317383
A*_zero,H.BBBMHCCJLMAAIJLMDDIKL....KEE.FFGG.,10255,75,44,1.0408551692962646
A*_zero,G.BB..GCCCKLAAHIKLDDHIKL...JEE.FFJ..,8771,81,44,0.9043200016021729
A*_zero,BBH..LG.HCCLG.AAJLDD.IJ.EEEIK.FFFIK.,7771,75,44,0.6584639549255371
A*_zero,H.BBCCHDDD.LAAIJ.L..IJEE.FFFKM.GGGKM,5036,70,44,0.6133887767791748
A*_zero,BBG..KF.GCCKF.AAILDD.HILEEEHJ....HJ.,3995,73,44,0.32216572761535645
A*_zero,IBBCCCI.DDLMAAJ.LMEEJFFM.GGK..HHHK..,2805,65,44,0.20298051834106445
A*_zero,HBBBCCHIDD.LHIAA.LEEEK.L..JKFFGGJ...,2088,61,44,0.1460869312286377
A*_zero,BBICC.H.I.K.HAA.KLHDDDKL...JEEFF.JGG,3013,60,44,0.23767495155334473
A*_zero,BBHCC.G.H.JKGAA.JKGDDDJK...I..EE.IFF,1391,59,44,0.09259200096130371
A*_zero,BBJCC.DDJ.L.IAA.L.IEEEL.I..KFFGG.KHH,948,58,44,0.05966472625732422
A*_zero,BBBCCLH....LHAA..LHIDDEE.IJKFFGGJK..,538,60,44,0.030804872512817383
A*_zero,H.BBBMHCCJLMAAIJL.DDIKL....KEE.FFGG.,15292,75,43,1.7578577995300293
A*_zero,BBH..LG.HCCLG.AAJ.DD.IJ.EEEIK.FFFIK.,10069,73,43,1.106950283050537
A*_zero,H.BBCCHDDD.LAAIJ.L..IJEE.FFFKM..GGKM,7443,68,43,0.8761570453643799
A*_zero,BBI.CC..IDDLAAJ..LH.JEEMHFFK.MHGGK..,2996,77,43,0.20349884033203125
A*_zero,.HBBCC.H.JDDAA.JK.GEEEK.G.I.KLG.IFFL,5203,64,43,0.46187448501586914
A*_zero,GBBB..GCCC.KAAHI.KDDHI.K...JEE.FFJ..,4003,80,43,0.27197957038879395
A*_zero,..GBBK..GH.KAAGHJKFCCCJ.FDDI..EE.I..,3845,73,43,0.2572469711303711
A*_zero,G..BBBG..I.LAA.IKLCCCJKL..HJDDEEHFF.,4344,69,43,0.5198173522949219
A*_zero,.HBBCC.H.JDDAA.JK.GEEEKLG.I.KLG.IFFL,3642,68,43,0.2710230350494385
A*_zero,GBBB..GCCCK.AAHIK.DDHIK....JEE.FFJ..,2677,82,43,0.16936492919921875
A*_zero,BBHCC.G.H.J.GAA.JKGDDDJK...I..EE.IFF,1934,58,43,0.1343836784362793
A*_zero,..GBBB..G..KAAHIJKCCHIJLFDD..LFEEE.L,1422,58,43,0.09062600135803223
A*_zero,BBCCCMDDK..MI.KAAMI..LEEJ..LFFJGGHHH,1071,65,43,0.06302857398986816
A*_zero,..HBBK..HI.KAAHI.KGCCC..GDDJ..EE.JFF,1048,75,43,0.06070351600646973
A*_zero,BBICC.DDI.K.HAA.K.HEEEK.H..J..FF.JGG,876,56,43,0.05361771583557129
A*_zero,BBHCCC..H..JAAH..JGDDEEJGFFI.....I..,342,68,43,0.016696929931640625
A*_zero,BBH..LG.HCCLG.AAJ.DD.IJ.EEEIK.FF.IK.,14312,71,42,1.7998359203338623
A*_zero,H.BBCCH.DD.KAAI..K..IEELFFIJ.LGGGJ..,7980,77,42,0.6401607990264893
A*_zero,FBB.K.FGH.KLFGHAALCCCJ.L..IJDDEEI...,5001,74,42,0.6009218692779541
A*_zero,..HBBB..H...AAIJKLCCIJKLFGDD.LFGEEE.,7375,71,42,0.5808537006378174
A*_zero,BBB..K..H..K..HAAKCCIJ..FGIJDDFGEEE.,4825,73,42,0.5386948585510254
A*_zero,G.BB..GCCC.KAAHI.KDDHI.K...JEE.FFJ..,6101,75,42,0.4307715892791748
A*_zero,GBBB.LG.HCCLAAHIKM.DDIKM...JEEFFFJ..,6073,75,42,0.4820079803466797
A*_zero,F.....FBBB.KAAGHJKCCGHJK...IDD.EEI..,4791,76,42,0.5448329448699951
A*_zero,H.BBB.HCCJL.AAIJL.DDIKL....KEE.FFGG.,5057,72,42,0.3618755340576172
A*_zero,F.BBB.F..HJKAA.HJKCCCIJK..GIDDEEG...,5032,68,42,0.36455559730529785
A*_zero,F.....FBBBJ.AAGHJKCCGHJK...IDD.EEI..,4533,78,42,0.32174015045166016
A*_zero,G.BB..GCCCK.AAHIK.DDHIK....JEE.FFJ..,4209,77,42,0.48282313346862793
A*_zero,H.BBCCHDDD.KAAIJ.K..IJEE.FFF.L.GGG.L,2730,67,42,0.19865942001342773
A*_zero,BBG..KF.GCCKF.AAIKDD.HI.EEEHJ....HJ.,3750,69,42,0.27888035774230957
A*_zero,F.....FBBBJKAAGHJKCCGHJK...IDD.EEI..,3033,79,42,0.2099158763885498
A*_zero,BBBJ....IJCCAAI..LH.IDDLHEEEKMFFGGKM,2645,59,42,0.19843101501464844
A*_zero,FGBBJ.FG.IJLFAAIKL..H.KM..HCCMDDDEEM,670,49,42,0.0422976016998291
A*_zero,FGBBJ.FG.IJLFAAIKL..H.KM..HCCMDDEEEM,660,49,42,0.04113650321960449
A*_zero,GBBICCG.HI.KAAH..K..HDDK...JEEFFFJ..,1266,75,42,0.0731818675994873
A*_zero,BBCCCLI..DDLI..AAMEEFFKMGGJ.KM..JHHH,956,54,42,0.05997753143310547
A*_zero,GBBBCCGH...KGHAA.KDDDJ.K..IJEEFFI...,994,59,42,0.06264185905456543
A*_zero,.HBBCC.H.JK.AA.JKLGDDDKLG.IEELG.IFF.,1855,65,42,0.3256077766418457
A*_zero,BBJLCCDDJL.MAAK..MI.K.EEIFF..NIGGHHN,1122,71,42,0.06572604179382324
A*_zero,..HBBB..H..KAAI.JKCCI.JLFGDD.LFGEEEL,1009,59,42,0.05798673629760742
A*_zero,BBICC.H.I.K.HAA.K.HDDDK....JEEFF.JGG,920,57,42,0.08695459365844727
A*_zero,.BBBKMCC.IKMAA.ILNGDDJLNG.HJEEFFH...,13977,68,41,2.85504412651062
A*_zero,BB.IJ.CCCIJLAA.IKLG.DDKMG.HEEMFFH...,7127,69,41,1.494171142578125
A*_zero,BBBJ..HCCJ.MHAAKLMDDIKLN..IEEN.FFGG.,8909,69,41,1.706167459487915
A*_zero,BBBIJ.CCCIJLAA.IKLG.DDKMG.HEEMFFH...,5185,70,41,1.1074714660644531
A*_zero,.GBBKL.GHIKLAAHI.L..HJCCFDDJ..FEEE..,4480,74,41,0.6474201679229736
A*_zero,BBBCCLDDDJ.LAAIJ.M..IEEMH.FFK.HGGGK.,5167,59,41,1.0639302730560303
A*_zero,G..JBBG..JCCHAAJ..H.IDDKEEI..KFFF..K,5365,86,41,0.42517852783203125
A*_zero,BB.I.LEG.IKLEGAAKMFCCJKMF.HJ..F.HDD.,7585,59,41,0.8137924671173096
A*_zero,H.BBCCHDDD.KAAIJ.K..IJEE.FFF.L..GG.L,3940,65,41,0.2999885082244873
A*_zero,BBG..KF.GCCKF.AAI.DD.HI.EEEHJ....HJ.,4779,67,41,0.3803389072418213
A*_zero,BBICC.DDI.K.HAA.KLHEEEKLH..JFFGG.J..,4176,56,41,0.5639688968658447
A*_zero,GBBB.KG.HCCKAAHI.L.DDI.L...JEEFFFJ..,2207,73,41,0.143754243850708
A*_zero,BBICC.DDI.KLHAA.KLHEEEKLH..JFFGG.J..,2963,57,41,0.23065686225891113
A*_zero,BBH...G.HCC.G.AAJ.DD.IJ.EEEIK.FFFIK.,2518,70,41,0.1726973056793213
A*_zero,G.BBCCGDDD.KAAHI.K..HIEE.FFFJL....JL,2386,65,41,0.1698927879333496
A*_zero,.HBBCC.H.JK.AA.JKLGDDDKLG.IEE.G.IFF.,2778,62,41,0.19999265670776367
A*_zero,.BBBCCDDEEEM..KAAMFFKL.MJ..LGGJHHII.,1480,64,41,0.09810757637023926
A*_zero,BBCCC.I..KDDIAAK.L..JEELFFJ..MGGJHHM,2097,69,41,0.1408214569091797
A*_zero,HIBBCCHIDDL.HAAKLMEEEKLM..JFFM..JGG.,2445,61,41,0.3780381679534912
A*_zero,G..BBBG..I.KAA.I.KCCCJ.K..HJDDEEHFF.,1755,67,41,0.10836005210876465
A*_zero,..GBBJ..GH.JAAGH.JFCCC..FDDI..EE.I..,1504,71,41,0.0853583812713623
A*_zero,.BBBCC..JDDMAAJKLMIEEKLNIFF..NGGHHHN,1009,55,41,0.06401395797729492
A*_zero,..IBBB..IJCCAAIJ.LH.DDKLHEEEKMFFGGGM,848,52,41,0.05514788627624512
A*_zero,GIBBLMGICCLMHAAK.NH.JK.NH.JDDDEEFFF.,730,60,41,0.04529857635498047
A*_zero,GIBBLMGICCLMHAAK.NH.JK.NH.JDDDEEEFF.,688,60,41,0.04372763633728027
A*_zero,..GBBB..G..JAAH.IJCCH.IKFDD..KFEEE.K,754,55,41,0.04147815704345703
A*_zero,..GBBB..G..JAAHI.JCCHI.KFDD..KFEEE.K,579,55,41,0.031138181686401367
A*_zero,BBBJ....IJCCAAI..KH.IDDKHEEE.LFFGGGL,463,55,41,0.026308774948120117
A*_zero,..GBBB..G..JAAH.IJCCH.IK.FDD.K.FEEEK,494,55,41,0.02541208267211914
A*_zero,BBHCC.G.H.J.GAA.J.GDDDJ....I..EE.IFF,539,55,41,0.030599594116210938
A*_zero,HBBB.MHCCJ.MAAIJLMDDIKL....KEEFFGG..,16919,71,40,1.7161483764648438
A*_zero,F..BBBF..H.KAA.HJKCCCIJK..GIDDEEG...,7783,64,40,0.7776730060577393
A*_zero,BBBKCC...KDDAAJK.MI.JEEMI.FFLNGGHHLN,7579,61,40,0.8285725116729736
A*_zero,BB.K..H..KCCHIAALMHIDDLMEEJ.LNFFJGGN,1934,56,40,0.15688467025756836
A*_zero,F.BBB.F..HJ.AA.HJKCCCIJK..GIDDEEG...,6657,64,40,0.5014252662658691
A*_zero,BBH...G.HCC.G.AAJ.DD.IJ.EEEIK.FF.IK.,3597,68,40,0.4688074588775635
A*_zero,HBBCCCHDDK.MAAJK.MEEJFFM.I..L..IGGL.,3177,77,40,0.2240736484527588
A*_zero,..GBBB..G...AAHIJKCCHIJK.FDD.K.FEEE.,3641,67,40,0.2628037929534912
A*_zero,.HI.BB.HI..LAAI..LGCCDDLGEEJK.FFFJK.,3859,75,40,0.2769618034362793
A*_zero,F.HBBBF.HI..FAAI.K.G.IJK.GCCJLDDDEEL,1614,53,40,0.11980390548706055
A*_zero,HIBBCCHIDDL.HAAKLMEEEKLM..JFF...JGG.,3813,58,40,0.3021214008331299
A*_zero,.GBBBK.G...K.AAIJLCCHIJLF.HDDLF.HEEE,1772,57,40,0.34333038330078125
A*_zero,BBH...F.HCCCFAAIJKDD.IJKG..I.LGEEE.L,3106,58,40,0.2470400333404541
A*_zero,BBB..J..G..J..GAAJCCHI...FHIDD.FEEE.,2017,69,40,0.12488555908203125
A*_zero,BBH.CC..HDDKAAI..KG.IEELGFFJ.LG..J..,1507,73,40,0.09197711944580078
A*_zero,F.....FBBB.JAAGH.JCCGH.J...IDD.EEI..,1914,73,40,0.11407613754272461
A*_zero,.GBBCC.G.IJ.AA.IJ.FDDDJKF.H..KF.HEEK,2054,63,40,0.13816142082214355
A*_zero,..IBB.CCIJL.HAAJL.HDDEE.FFFK..GG.K..,1234,69,40,0.07855391502380371
A*_zero,..FBBJ..FG.JAAFGIJECCCI.EDDH.....H..,1533,71,40,0.08960700035095215
A*_zero,F.....FBBBJ.AAGHJ.CCGHJ....IDD.EEI..,1437,75,40,0.08222675323486328
A*_zero,.HBBCC.H.JDDAA.JK.GEEEK.G.I.K.G.IFF.,1580,62,40,0.1012411117553711
A*_zero,..IBB.CCIJL.HAAJL.HDDEE.FFFK..GGGK..,805,69,40,0.0494229793548584
A*_zero,HBBL..H.JLCCI.JAAMI.KDDM..KEENFFGG.N,813,63,40,0.04587697982788086
A*_zero,.GBBCC.G.IJ.AA.IJKFDDDJKF.HEEKF.H...,974,62,40,0.057114601135253906
A*_zero,BBCCCLG.H..LG.HAALDDEEK...IJK...IJFF,652,56,40,0.03557729721069336
A*_zero,.BBBKMCC.IKMAA.IL.GDDJL.G.HJEEFFH...,16426,67,39,1.986938714981079
A*_zero,BBCCKLDD..KLH.AA.MHEEE.MH.IJFFGGIJ..,8846,65,39,1.0166094303131104
A*_zero,.BBBKMCC.IKMAA.ILMGDDJL.G.HJEEFFH...,12661,68,39,1.3703038692474365
A*_zero,HBBB.LHCCJ.LAAIJ.LDDIK.....KEE.FFGG.,7324,68,39,0.7469699382781982
A*_zero,IBBKCCIDDK.MAAJL.M..JLEE..JFF..GGHH.,5433,75,39,0.38900184631347656
A*_zero,G.BBKMGCCCKMAAHILNDDHILN...JEE...JFF,5422,73,39,0.6541616916656494
A*_zero,...KBBHI.KLMHIAALMHCCDDM..JEE.FFJGG.,5739,68,39,0.4662148952484131
A*_zero,BBHCC.G.H.J.GAA.JKGDDDJK...IEEFF.I..,3308,55,39,0.26902055740356445
A*_zero,BBBJLMCC.JLMAA.K..HDDKEEH.IFFNGGI..N,2655,69,39,0.19004273414611816
A*_zero,BBBJ..HCCJ.LHAAK.LDDIK.M..IEEM.FFGG.,3074,66,39,0.414386510848999
A*_zero,...HI.BBBHIKAA.HJKF.CCJLF.GDDLEEG...,2400,65,39,0.1780719757080078
A*_zero,HBBCCCH.JKDDAAJK...IJEEL.I...L.FFGGL,3534,69,39,0.2666611671447754
A*_zero,BBHCC.G.H.JKGAA.JKGDDDJK...IEEFF.I..,2453,56,39,0.19434833526611328
A*_zero,GBBBKMGCCCKMAAHILNDDHILN...JEE...JFF,3545,75,39,0.2779054641723633
A*_zero,BBF..JE.FCCJE.AAHK...GHKDDDGI....GI.,3212,64,39,0.45320749282836914
A*_zero,GBBK..GIJKCCHIJAALHDDD.LEE...MFFF..M,2935,66,39,0.23089981079101562
A*_zero,GBBB.LG.HIKLAAHIKM.CCJ.M...JDDEEFFF.,2313,60,39,0.1687333583831787
A*_zero,.GBBCC.G.IJ.AA.IJKFDDDJKF.H...F.HEE.,2852,59,39,0.20040225982666016
A*_zero,GBB.K.G.H.KLG.HAALCCCJ.L..IJDDEEIFF.,1622,61,39,0.11550688743591309
A*_zero,BBB..K..ICCKAAI..LH.IDDLHEEEJ.FFGGJ.,1936,53,39,0.13640618324279785
A*_zero,..KBBBCCKL..JAAL.MJDDEEMFFGG.MHHHII.,2453,59,39,0.17216038703918457
A*_zero,E.BBB.E..GIJAA.GIJCCCHIJ..FHDD..F...,2327,66,39,0.1555187702178955
A*_zero,..JBBBCCJKLMIAAKLMIDD..NEEFF.NGGHHHN,1337,50,39,0.09349250793457031
A*_zero,G.BBCCGDDD.JAAHI.J..HIEE.FFF.K.....K,1215,62,39,0.07638311386108398
A*_zero,BBICC.DDI.K.HAA.K.HEEEK.H..JFFGG.J..,1228,53,39,0.27770447731018066
A*_zero,.BBCC...IJ..AAIJ..DDIKEEHFFK.LHGGG.L,942,68,39,0.052140235900878906
A*_zero,BBG...F.GCC.F.AAI.DD.HI.EEEHJ....HJ.,1200,64,39,0.07161712646484375
A*_zero,.GBBCC.G.IJ.AA.IJKFDDDJKF.HEE.F.H...,1448,59,39,0.09013533592224121
A*_zero,BBCCCLDD.J.LAA.J.LHIEEFFHI..K.HGG.K.,1015,53,39,0.06216573715209961
A*_zero,GHBBCCGHDDK.GAAJKLEEEJKL..IFFL..I...,1415,58,39,0.09197735786437988
A*_zero,.BBBCC..JDDLAAJ.KLIEE.KMIFF..MGGHHHM,983,52,39,0.0609438419342041
A*_zero,..JBBBCCJKLMIAAKLMIDD..NEEFF.NGGGHHN,1215,50,39,0.08419156074523926
A*_zero,G.JBBBG.JK.LHAAK.LHCCDDLHIEE...IFF..,884,58,39,0.05315732955932617
A*_zero,BBJK..GIJKMNGIAAMNHCCL.NH..LDDHEEEFF,857,56,39,0.05275535583496094
A*_zero,GIBB.LGICC.LHAAK.MH.JK.MH.JDDDEEFFF.,413,56,39,0.022615671157836914
A*_zero,.HBBCC.H.JK.AA.JK.GDDDK.G.IEE.G.IFF.,922,60,39,0.05498790740966797
A*_zero,GIBB.LGICC.LHAAK.MH.JK.MH.JDDDEEEFF.,395,56,39,0.021720170974731445
A*_zero,..HBB.CCHIK.GAAIK.GDDEE.FFFJ.....J..,337,66,39,0.017520904541015625
A*_zero,GBBB.LG.HCCLAAHIKM.DDIKM...JEE.FFJ..,23373,64,38,2.780627489089966
A*_zero,...JBBF.IJ.LF.IAALGCCCKMGHDDKM.HEEK.,13929,71,38,1.7328767776489258
A*_zero,GBBBKLG.CCKLAAHIKMDDHI.M...JEEFF.J..,16104,65,38,1.9596359729766846
A*_zero,BB.IJ.CCCIJ.AA.IK.G.DDKLG.HEELFFH...,8949,63,38,1.0437047481536865
A*_zero,BBBJKLGCCJKLG.AAKLDDI....HI....HEEFF,12375,73,38,1.3709125518798828
A*_zero,..JBBBG.JKCCGAAKLMHIDDLMHIEELNFF...N,12197,64,38,1.6365487575531006
A*_zero,G.IBBBG.IJCCGAAJ.L.H..KL.HDDKMEEFFKM,9737,53,38,1.2504994869232178
A*_zero,BBBCCL..IDDLAAI.KMHEEEKMH..JFFGG.J..,9452,68,38,1.053718090057373
A*_zero,BB.I..FG.IKLFGAAKLFCCJ.L..HJDD..HEEE,3858,62,38,0.2995905876159668
A*_zero,BB.IJ.CCCIJ.AA.IKLG.DDKLG.HEELFFH...,6715,64,38,0.8262269496917725
A*_zero,BBBIJ.CCCIJ.AA.IK.G.DDKLG.HEELFFH...,6336,64,38,0.5487918853759766
A*_zero,..IBBB..IJCC.AAJ...HDDKL.HEEKLFFGGKL,8848,73,38,0.989647388458252
A*_zero,BBBIKMCC.IKMAA.JLNGDDJLNG.HEENFFH...,5640,64,38,0.6963074207305908
A*_zero,F.I.BBF.I.KLAAI.KL.HCCCLGH.JDDGEEJ..,7392,76,38,0.8337838649749756
A*_zero,BBBKCC..JKDDAAJK.MIEEFFMI.GGL.HH..L.,5486,67,38,0.4008610248565674
A*_zero,BBBIJ.CCCIJ.AA.IKLG.DDKLG.HEELFFH...,4786,65,38,0.42499804496765137
A*_zero,.BBBK.CC.IK.AA.IL.GDDJL.G.HJEEFFH...,4255,65,38,0.5096514225006104
A*_zero,...IBB..HICCAAHJKMDD.JKMGEEELNG.FFLN,4527,67,38,0.366579532623291
A*_zero,...IBB..HICCAAHJKLDD.JKLGEEEKMG.FF.M,5678,66,38,0.46330738067626953
A*_zero,BBCCC.H..JDDHAAJ.K..IEEKFFI..K..IGGG,3889,69,38,0.2703728675842285
A*_zero,GBBI.JGCCI.JAAHI.K..HDDK..H....EE.FF,3443,70,38,0.4358994960784912
A*_zero,HBB.CCH.JDDDAAJ..L.IEEKL.IFFKMGGG.KM,4850,55,38,0.4085273742675781
A*_zero,...IBB..HICCAAHJKMDD.JKMGEEELNGFFFLN,2820,68,38,0.21531438827514648
A*_zero,...IBB..HICCAAHJKLDD.JKLGEEEKMGFFF.M,3684,68,38,0.2832608222961426
A*_zero,BBIJ..FHIJLMFHAALMGCCK.MG..KDDGEEE..,1775,55,38,0.12284588813781738
A*_zero,F..BBBF..H.JAA.H.JCCCI.J..GIDDEEG...,2777,62,38,0.3849055767059326
A*_zero,BB.J..H..JCCHAAJ.K..IDDKEEI..LFFIGGL,1566,67,38,0.10601472854614258
A*_zero,...IBB..HICCAAHJKMDD.JKMGEEELMGFFFL.,2752,67,38,0.1987910270690918
A*_zero,.BBBCC..IDDLAAI..LH.EEKMHFFJKMGGGJKM,2407,49,38,0.18273448944091797
A*_zero,BBBCCM..JDDMAAJK..IEEKFFIGGKLNHH..LN,1898,64,38,0.1314857006072998
A*_zero,F.HBBBF.HI..FAAI.J.G.I.J.GCC.KDDDEEK,691,51,38,0.04071855545043945
A*_zero,..JBBB..J.CCAAJ.KLHIDDKLHIEEEMFFGG.M,1073,51,38,0.07625889778137207
A*_zero,GHBBCCGHDDK.GAAJKLEEEJKL..IFF...I...,2193,55,38,0.1529684066772461
A*_zero,GBBB.KGCCI.KAAHI.K..HJDD..HJ...EEFF.,1783,65,38,0.11372661590576172
A*_zero,BBH...F.HCCCFAAI.JDD.I.JG..I.KGEEE.K,1231,54,38,0.08466911315917969
A*_zero,F.BBB.F..HJ.AA.HJ.CCCIJ...GIDDEEG...,1890,62,38,0.1110382080078125
A*_zero,.GBBBJ.G...J.AAI.KCCHI.KF.HDDKF.HEEE,699,54,38,0.04049038887023926
A*_zero,BBBJ....IJCCAAI..KH.IDDKHEEE.LFFGG.L,1373,55,38,0.09029722213745117
A*_zero,HBBCCCH.JDDDAAJ..L.IEEKL.IFFKMGGG.KM,1314,55,38,0.09140324592590332
A*_zero,.BBBCC..IDDLAAI..LHEEJKMHFFJKMGGGJKM,1249,51,38,0.08758401870727539
A*_zero,BBH..KG.HJ.KGAAJ..CCIJDD..IEELFFF..L,837,55,38,0.0498812198638916
A*_zero,HIBBCCHIDDL.HAAKL.EEEKL...JFF...JGG.,1314,56,38,0.29012203216552734
A*_zero,.BBBCCDDEE.MAAJ..MI.JFFNIGGKLNHHHKLN,1005,50,38,0.07085394859313965
A*_zero,BBCCCLIDDD.LIAAK..EEJK....JFFFGGGHH.,962,58,38,0.06337785720825195
A*_zero,G.IKBBGHIK.MGHAALMCCJ.LN..JDDNEEFFFN,249,46,38,0.014017820358276367
A*_zero,E.BBB.E..GIJEAAGIJCCCHIJ..FH....FDD.,971,61,38,0.05794930458068848
A*_zero,..FBBI..FG.IAAFG.IECCC..EDDH.....H..,571,69,38,0.02852654457092285
A*_zero,BBBJKLGCCJKLG.AAK.DDI....HI....HEEFF,17811,70,37,2.1615006923675537
A*_zero,BBG.IJ..G.IJ..GAAJF..HCCFDDH...EEH..,20826,80,37,2.424268960952759
A*_zero,BBB.JLCC..JLAA..KMGHDDKMGHIEE.FFI...,13494,68,37,2.5252268314361572
A*_zero,IBBCCMI.JDDMAAJK.....KEEFFFKL.GGHHL.,16800,72,37,3.7126457691192627
A*_zero,..IBBBCCI..MGHAALMGHDDLM..JKEEFFJK..,11560,64,37,2.221116304397583
A*_zero,.BBBJL...HJLAA.HKMFCCIKMF.GIDDEEG...,11943,55,37,1.831205129623413
A*_zero,FHBBKLFHCCKLAAI.KMG.IDDMG..J..EEEJ..,13661,64,37,1.547865867614746
A*_zero,HBBJCCHDDJ..AAIK....IKEE..IFFLGG...L,9445,75,37,0.9202022552490234
A*_zero,..IBBB..IJCC.AAJ...HDDK..HEEKLFFGGKL,12155,71,37,1.6035525798797607
A*_zero,BBCCLMHDDKLMHAAK..EEJK...IJ....IFFGG,11145,70,37,1.245650291442871
A*_zero,E.GBBBE.GH.JEAAH.J.F.HIK.FCCIKDDD...,6389,50,37,0.5618107318878174
A*_zero,G.BBKLGCCCKLAAHI.MDDHI.M...JEE...JFF,8561,70,37,0.9221174716949463
A*_zero,HBBCCCH.JKDDAAJKL..IEELM.I...MFFGG.M,7908,68,37,0.8491678237915039
A*_zero,BBB.JLCC..JLAA..KMGHDDKMGHIEEMFFI...,5121,68,37,0.3934485912322998
A*_zero,FBBBJLF.G.JLAAGHKM.CCHKM...IDDEEEI..,5779,57,37,0.7259223461151123
A*_zero,GBBL..GIJLCCHIJAAMH.K..M..KDDNEEFF.N,4644,58,37,0.3657965660095215
A*_zero,G.BBKMGCCCKMAAHIL.DDHIL....JEE...JFF,6187,70,37,0.7420623302459717
A*_zero,BBCCC.I..KDDIAAK.L..JEELFFJ..LGGJHH.,4787,68,37,0.34272146224975586
A*_zero,GBBBKLGCCCKLAAHI.MDDHI.M...JEE...JFF,5569,72,37,0.4465911388397217
A*_zero,.IBBCC.IDDDMAAJK.M..JKEEH.FFLNHGGGLN,880,51,37,0.06510043144226074
A*_zero,G.BBKLGCCCKLAAHIKMDDHI.M...JEE...JFF,5949,70,37,0.6909699440002441
A*_zero,E.GBBBE.GH.JEAAHIJ.F.HIK.FCCIKDDD...,4134,51,37,0.3363666534423828
A*_zero,G.BBKMGCCCKMAAHILMDDHIL....JEE...JFF,4671,70,37,0.36502861976623535
A*_zero,...IBB..HICCAAHJKMDD.JKMGEEELMG.FFL.,4277,65,37,0.5389924049377441
A*_zero,GBBBKMGCCCKMAAHIL.DDHIL....JEE...JFF,3979,72,37,0.306398868560791
A*_zero,BBBKCC..JKDDAAJK..IEEFF.I.GGL.HH..L.,3057,65,37,0.21829843521118164
A*_zero,F.BBJLFCCCJLAAGHKMDDGHKM...IEE...I..,3635,69,37,0.352583646774292
A*_zero,BBHI.KG.HI.KGAAI.LG.CCCLDD..J.EEFFJ.,4458,66,37,0.3647642135620117
A*_zero,BBCC.K..IDDKAAIJ.LHEEJ.LH..JFFHGGG..,2146,58,37,0.35608339309692383
A*_zero,BBBHJ.CCCHJ.FAAIJ.F.GIDD..GEEK.....K,4044,76,37,0.3060150146484375
A*_zero,E..BBBE..G.JAA.GIJCCCHIJ..FHDD..F...,3570,62,37,0.24789094924926758
A*_zero,..JBBBCCJK..IAAK.LIDDEELFFGG.LHHH...,4127,56,37,0.30974578857421875
A*_zero,GBBBKLGCCCKLAAHIKMDDHI.M...JEE...JFF,3852,72,37,0.29562926292419434
A*_zero,H.BBCCH.IDDDAAI.KL.EEJKLFFFJKMGG...M,3796,60,37,0.5018165111541748
A*_zero,F..I..F..IBBGAAI..G.HCCJDDH..JEEE..J,2154,77,37,0.1414170265197754
A*_zero,GBBBKMGCCCKMAAHILMDDHIL....JEE...JFF,3001,72,37,0.2171013355255127
A*_zero,BBBI.L...IKLAA.JKLGCCJ..G.HDD.EEHFFF,3091,59,37,0.2296285629272461
A*_zero,E.BBB.E..GI.AA.GIJCCCHIJ..FHDD..F...,3028,62,37,0.20537328720092773
A*_zero,BBF..JE.FCCJE.AAHJ...GH.DDDGI....GI.,2860,60,37,0.20955944061279297
A*_zero,FBBBJLFCCCJLAAGHKMDDGHKM...IEE...I..,2461,71,37,0.18863463401794434
A*_zero,GBBL..GIJLCCHIJAAMH.K..M..KDDNEEFFFN,1443,58,37,0.2880411148071289
A*_zero,GBBK..GHIKCCGHIAAL..J..LDDJ..MEEEFFM,952,58,37,0.05864071846008301
A*_zero,H.BBCCH.IDDDAAI.KL.EEJKLFFFJKMGGG..M,2510,61,37,0.18909597396850586
A*_zero,BBBCCLDDEEELIAAK..I..KFF..JGGMHHJ..M,1656,57,37,0.10520291328430176
A*_zero,FBBBJKF.G.JKAAGI....HICCDDHI.LEEE..L,2477,60,37,0.17191696166992188
A*_zero,GBBL..GIJLCCHIJAAMH.K..M..KDDNEEEFFN,1217,58,37,0.0768592357635498
A*_zero,.BBBCC..IDDLAAI..LHEEJKMHFFJKMGGGJ.M,1925,49,37,0.13811922073364258
A*_zero,IBBCCCIDDK.LIAAK.LEEJFFL..JGG..HH...,1111,53,37,0.06808781623840332
A*_zero,BBHCC.G.H.J.GAA.J.GDDDJ....IEEFF.I..,908,52,37,0.05692243576049805
A*_zero,GBBBKLGCCCKLAAI.KMH.IDDMHEEJ..FFFJ..,1807,57,37,0.13009881973266602
A*_zero,HBBCCCH.JDDLAAJ..L.IEEKM.IFFKMGGG.KM,887,48,37,0.05678844451904297
A*_zero,HBBJCCH.IJ.LAAI.KLDDEEKL......FFGGG.,1664,56,37,0.11355185508728027
A*_zero,BBJCCCG.JK..GAAK..HI.DDMHI..LMEEFFLM,1605,63,37,0.10526490211486816
A*_zero,..HIBB..HIKLAAH.KLGCCDDLGEEJ..FFFJ..,1250,65,37,0.07550549507141113
A*_zero,.BBBCCDDEEELI.JAALI.JFFL...KGGHHHK..,1180,57,37,0.0777435302734375
A*_zero,HBBJCCH.IJ.LAAI.KLDDEEKL......FFFGG.,1530,56,37,0.0953531265258789
A*_zero,GBBB.KG.HI.KAAHI.L.CCJ.L...JDDEEFFF.,725,57,37,0.04266095161437988
A*_zero,..JBBBCCJK.LIAAK.LIDD..MEEFF.MGGHHHM,628,47,37,0.03915214538574219
A*_zero,.BBKCCDDIK.L..IAALH.J..MH.JEEMHFFGGG,497,55,37,0.026229381561279297
A*_zero,.BBBCC..I..KAAI..KHDDEELHFF.JLGGG.JL,565,52,37,0.03246426582336426
A*_zero,..IBBB..I.CCAAI..KHDD.JKHEEEJLFFGGGL,674,47,37,0.04111003875732422
A*_zero,.GBBCC.G.IJ.AA.IJ.FDDDJ.F.H...F.HEE.,798,57,37,0.04546403884887695
A*_zero,BBB..L.HI..L.HIAALCCJKDDG.JKEEGFFF..,660,55,37,0.035936594009399414
A*_zero,BBHICC..HI.KAAH..KGDDEEKG..J..FF.J..,568,57,37,0.02976536750793457
A*_zero,BBCCCK...I.KAA.I.KGHDDEEGH..J.GFF.J.,557,51,37,0.030299663543701172
A*_zero,..JBBBCCJK.LIAAK.LIDD..MEEFF.MGGGHHM,583,47,37,0.03520345687866211
A*_zero,.GBBCC.G.IJ.AA.IJ.FDDDJ.F.HEE.F.H...,480,57,37,0.02513909339904785
A*_zero,FH..KLFHBBKLGAAJ.MG.IJ.MG.ICCCDDEEE.,394,55,37,0.21483206748962402
A*_zero,FH..KLFHBBKLGAAJ.MG.IJ.MG.ICCCDDDEE.,372,55,37,0.020679235458374023
A*_zero,F.IBBBF.IJ.KGAAJ.KGCCDDKGHEE...H....,318,53,37,0.016150951385498047
A*_zero,.IBBL.GICCL.GAAKL...JKDDH.JEEMHFFF.M,17644,66,36,2.13935923576355
A*_zero,.IBBCC.IJDDLAAJ..LHEEK.LH..KFFHGGG..,5550,60,36,0.6727421283721924
A*_zero,BBBJ..FH.JKLFHAAKLGCC.KMG.IDDMEEI...,16341,61,36,2.0808117389678955
A*_zero,..JBBMCCJ.LM.IAALMHI.KDDHEEK..FFFGG.,8350,62,36,1.0252063274383545
A*_zero,BB..LMG.CCLMGAAKL.HIJKDDHIJEENFFF..N,10625,57,36,1.208099603652954
A*_zero,..GHBB..GHJKAAGIJK...ICCF.DD.LFEEE.L,4815,63,36,0.5882689952850342
A*_zero,BBCCJKG...JKG.AA.LGDDD.L..HIEEFFHI..,9102,61,36,0.8346998691558838
A*_zero,GBBB.KG.HCCKAAHI.L.DDI.L...JEE.FFJ..,7819,63,36,0.7933084964752197
A*_zero,..HIBB..HI..AAHJKLGCCJKLG.DD.MEEFF.M,5267,63,36,0.6409780979156494
A*_zero,BBCCC.H..JDDHAAJ.K..IEEKFFI..K..I.GG,7184,65,36,0.5408751964569092
A*_zero,FBBBJLF.CCJLAAGHKMDDGHKM...IEE...I..,8083,63,36,0.9462630748748779
A*_zero,...IBB..HICCAAHJKLDD.JKLGEEE.MG.FF.M,7804,63,36,0.86008620262146
A*_zero,BBBIKLCC.IKLAA.J.MGDDJ.MG.HEEMFFH...,6926,61,36,0.8416297435760498
A*_zero,BB.HIJF..HIJFAAH.K..GCCKDDG..KEEG...,7946,68,36,0.6849539279937744
A*_zero,BBG..I..G..I..GAAIF..HCCFDDH...EEH..,7838,77,36,0.7750780582427979
A*_zero,BBBCCM..JDDMAAJ..NIEEFFNIGGKL.HH.KL.,6968,59,36,0.747689962387085
A*_zero,.BBBCC..JDDMAAJ..MIEEFFMIGGKL.HH.KL.,6001,57,36,0.46796703338623047
A*_zero,HBBCCCHDDD.LAAJ..L.IJEEM.IFFKMGGG.K.,5131,50,36,0.4748866558074951
A*_zero,BBCCJKDD..JKAA...LGEEE.LG.HIFFG.HI..,3799,64,36,0.48801469802856445
A*_zero,BBCCC.H..JDDHAAJ.K..IEEKFFI..L..IGGL,4102,62,36,0.3022627830505371
A*_zero,...IBB..HICCAAHJKMDD.JKMGEEEL.G.FFL.,5551,63,36,0.45088648796081543
A*_zero,HBBCCMH.JDDMAAJK..I..KEEIFFKL.GGG.L.,8174,67,36,0.9487342834472656
A*_zero,...IBB..HICCAAHJKLDD.JKLGEEE.MGFFF.M,4920,64,36,0.42504143714904785
A*_zero,BBBCCK..HDDKAAH.JLGEEEJLG..IFF...I..,4319,66,36,0.5627260208129883
A*_zero,BB.HJ.CCCHJ.FAAIJ.F.GIDD..GEEK.....K,6099,74,36,0.5537669658660889
A*_zero,BBBIKLCC.IKLAA.JKMGDDJ.MG.HEEMFFH...,5055,61,36,0.6575734615325928
A*_zero,G.BBBLG.HIKLAAHIKMCC.JKM...JDD.EEFF.,7136,57,36,0.617645263671875
A*_zero,BBB.K....IKLAA.I.LGCCDDLG.HJEEFFHJ..,5853,60,36,0.6323201656341553
A*_zero,FBBBJLF.G.JLAAGHKL.CCHK....IDDEEEI..,5219,58,36,0.44236207008361816
A*_zero,BBBCC...JKDDAAJKLMI.EELMIFF..NGGHHHN,4841,51,36,0.5969259738922119
A*_zero,...HI.BBBHI.AA.HJ.F.CCJKF.GDDKEEG...,2956,59,36,0.2298874855041504
A*_zero,BBBK..HJ.KCCHJAAL.IDD.LMIEE.LMIFFGGM,5852,59,36,0.5847535133361816
A*_zero,BBBK..HJ.KCCHJAAL.HDD.LMIEE.LMIFFGGM,5796,59,36,0.8599367141723633
A*_zero,GBBICCGDDI.KAAHI.K..HEEL..H.JL.FF.JL,3807,62,36,0.3980889320373535
A*_zero,GBBJ..GH.JLMGHAALMCCIK.M..IKDDEEEFF.,2522,57,36,0.2315080165863037
A*_zero,...IBB..HICCAAHJKMDD.JKMGEEEL.GFFFL.,3453,64,36,0.3301069736480713
A*_zero,.HBB...HIJ..AAIJ..CCIKDDGEEK.LGFFF.L,1363,67,36,0.09435582160949707
A*_zero,...H....GHBBAAGIJLCC.IJLFDDDKMF.EEKM,2765,63,36,0.5333075523376465
A*_zero,BB.IJ.CCCIJ.AA.IK.G.DDK.G.HEE.FFH...,2384,61,36,0.19756603240966797
A*_zero,BBF..JE.FCCJE.AAH....GH.DDDGI....GI.,3647,58,36,0.34055519104003906
A*_zero,BBBCCMDDKEEMAAKL..JFFLGGJHHH..II....,974,57,36,0.07438158988952637
A*_zero,...H....GHBBAAGIJKCC.IJKFDDDJLF.EE.L,3553,62,36,0.30337023735046387
A*_zero,G.BB.KGCCC.KAAHI.LDDHI.L...JEE...JFF,2633,67,36,0.20809507369995117
A*_zero,...HI.BBBHI.AA.HJKF.CCJKF.GDDKEEG...,2215,60,36,0.16873669624328613
A*_zero,BBBCCMDDEEEMAAJK..I.JKFFI.GGLNHH..LN,2452,55,36,0.43116211891174316
A*_zero,HJBBCCHJKLDDAAKL.MEEK..MIFF..MIGGG..,2840,59,36,0.22942805290222168
A*_zero,BBBCCL..I..LAAI..MHDDEEMHFFJK.GGGJK.,2779,59,36,0.20307230949401855
A*_zero,.BBKCCDDIK.L..IAALH.J..MH.JEEMHFF.GG,1660,55,36,0.10705804824829102
A*_zero,BBBIJ.CCCIJ.AA.IK.G.DDK.G.HEE.FFH...,1661,62,36,0.11247730255126953
A*_zero,...H....GHBBAAGIJLCC.IJLFDDDKMFEEEKM,1763,64,36,0.13122963905334473
A*_zero,IJBBCCIJDDM.IAALMNEEKLMN..KFFN.GGHH.,3158,55,36,0.2485034465789795
A*_zero,BBBCCMDDKEEMAAKL..JFFLGGJHHH..III...,592,58,36,0.036270856857299805
A*_zero,GBB.KLGCCCKLAAI.KMH.IDDMHEEJ..FFFJ..,2790,56,36,0.21562671661376953
A*_zero,...H....GHBBAAGIJKCC.IJKFDDDJLFEEE.L,2399,64,36,0.40453433990478516
A*_zero,GBBB.KGCCC.KAAHI.LDDHI.L...JEE...JFF,1712,69,36,0.12532782554626465
A*_zero,F...JLFBBBJLAAGHKMCCGHKM...IDD...IEE,1867,68,36,0.14902853965759277
A*_zero,...HBB..GHCCAAGIJLDD.IJLFEEEKMF...KM,1653,64,36,0.12853050231933594
A*_zero,G.BBK.GCCCK.AAHIL.DDHIL....JEE...JFF,1551,67,36,0.13387727737426758
A*_zero,...H....GHBBAAGIJLCC.IJLFDDDKLFEEEK.,1772,63,36,0.27425384521484375
A*_zero,GBBBKLG.CCKLAAIJK.H.IJDDHEEJ.MFFF..M,2169,51,36,0.32837986946105957
A*_zero,I.JBBBI.JK..IAAK.LCCDD.LEEFF.LGGHH..,1535,57,36,0.19337081909179688
A*_zero,.HBBKM.HIJKMAAIJLNGCC.LNGDD..NGEEEFF,624,40,36,0.07929229736328125
A*_zero,.HBBKM.HIJKMAAIJLNGCC.LNGDD..NGEEFFF,583,40,36,0.07084465026855469
A*_zero,IBBCCCI.JDDDAAJK...EEKFF.GGG.L.HHH.L,910,57,36,0.10177063941955566
A*_zero,BBBJ.....JCCAA.KL.HDDKLMH.IEEMFFIGGG,1143,57,36,0.156447172164917
A*_zero,EG.IBBEG.IKLFAAJKLFCCJKMF.H..M..HDDM,1432,52,36,0.17213177680969238
A*_zero,.BBBCCDDEE.LAAJ..LI.JFFMIGG.KMHHH.KM,1294,47,36,0.18436670303344727
A*_zero,E.BBBJE..GIJEAAGI.CCCHI...FH....FDD.,1273,57,36,0.14392423629760742
A*_zero,GBBBK.GCCCK.AAHIL.DDHIL....JEE...JFF,993,69,36,0.10820317268371582
A*_zero,BBCCLMH..JLMHAAJ.M..IDDDEEIK..FFFKGG,1037,59,36,0.12751460075378418
A*_zero,HBBCCCH..J.KHAAJ.KDDIEEK..IFF..GG...,800,51,36,0.08193087577819824
A*_zero,.BBJ....HJ.KAAHJ.KG.ICCCG.IDDLEEFF.L,739,59,36,0.07419610023498535
A*_zero,..IBBB..I.CCAAI.JK.HDDJK.HEEELFFGG.L,661,49,36,0.07752823829650879
A*_zero,BBB..K..H..K..HAAKCCIJDDG.IJEEGFFF..,911,54,36,0.09817838668823242
A*_zero,..HIBB..HI.KAAH..KGCCDDKGEEJ..FFFJ..,825,64,36,0.07789945602416992
A*_zero,BB.KCCH..KDDHAAL..I.JL.MI.JEEMFFFGGM,676,56,36,0.07256793975830078
A*_zero,BBBCCM.DDEEMAAK..NFFKL.NJGGL..JHHLII,799,51,36,0.08674287796020508
A*_zero,BBH..KEGH..KEGAA.LFCCJ.LF.IJ.LF.IDDD,528,53,36,0.05588674545288086
A*_zero,BBBCCL..JDDLAAJ...IEEKFFIGGK.MHHHK.M,698,48,36,0.07702898979187012
A*_zero,.BBBCC..JDDLAAJK.LIEEK.MIFF..MGGHHHM,587,52,36,0.06020545959472656
A*_zero,GHBBCCGHDDK.GAAJK.EEEJK...IFF...I...,759,53,36,0.08471894264221191
A*_zero,IJBBCCIJDDMNIJAAMNEEKLMN..KLFF.GGHH.,639,55,36,0.06934905052185059
A*_zero,.BBBCCDDEE.LAAJ..LI.JFFMIGGK.MHHHK.M,494,47,36,0.05462527275085449
A*_zero,BBBCCLHDD..LHAA..LH.JEEEI.JKFFIGGK..,358,50,36,0.03452014923095703
A*_zero,GBBBKLG.CCKLAAHI.LDDHI.....JEEFF.J..,30664,64,35,6.5262768268585205
A*_zero,GBBBKLG.CCKLAAHIK.DDHI.....JEEFF.J..,26876,64,35,3.3155517578125
A*_zero,.HBBCC.H.JK.AA.JKLGDDD.LG.IEELFFI...,12725,64,35,1.4554591178894043
A*_zero,BBB.JLCC..JLAA..K.GHDDK.GHIEE.FFI...,17040,67,35,2.119722843170166
A*_zero,..IBBLCCI.KLGHAAKMGHDDKMG..JEEFF.J..,21233,67,35,2.948786735534668
A*_zero,.BBBJL...HJLAA.HK.FCCIK.F.GIDDEEG...,13430,54,35,1.7768311500549316
A*_zero,G..KBBGI.KLMGIAALMCCJ..NH.JDDNHEEFF.,1798,53,35,0.12439727783203125
A*_zero,BBBCC....KDDAAJK.MI.JEEMIFF.LNGGHHLN,16267,54,35,2.008664846420288
A*_zero,GBBBKLG.CCKLAAHIKLDDHI.....JEEFF.J..,18692,64,35,2.2515451908111572
A*_zero,IBBCCCI.JDDMAAJK.M...KEEFFF.L.GGHHL.,13118,63,35,1.8284482955932617
A*_zero,BBBCCLDDDJ.LAAIJ.MH.IEEMH.FFK.GG..K.,10894,56,35,1.2249712944030762
A*_zero,BBB.JLCC..JLAA..KLGHDDK.GHIEE.FFI...,12890,68,35,1.6716978549957275
A*_zero,FBBB.KF.GCCKAAGHJL.DDHJL...IEE...I..,11657,61,35,1.3645763397216797
A*_zero,GIBBLMGIJ.LM..JAANCCJK.NH..KDDHEEFF.,5956,56,35,0.7556297779083252
A*_zero,...HBB..GHJLAAGIJLCC.IKMFDDDKMFEE...,10457,54,35,1.2518494129180908
A*_zero,.H..K.FHBBK.FAAJK...IJCCG.IDDLGEEE.L,8278,64,35,1.030890941619873
A*_zero,BBB.KLCCH.KLAAH..M..IDDMG.IJEEGFFJ..,8079,57,35,0.7338564395904541
A*_zero,.BBBJL...HJLAA.HKLFCCIK.F.GIDDEEG...,10668,55,35,1.5815589427947998
A*_zero,...HBB..GH.KAAGIJKCC.IJLFDDDJLFEE...,10697,55,35,1.3164498805999756
A*_zero,BBB.IKCC..IKAA..JL.GDDJL.GHEE.FFH...,6451,65,35,0.6412374973297119
A*_zero,BBBJCCDDDJ.LAAI..L..IEELH.FFK.HGGGK.,6064,54,35,0.857022762298584
A*_zero,.BBJCCDDDJKLAA.JKLH.EEKMH.IFFMGGI...,3772,55,35,0.30312061309814453
A*_zero,I.BBCCI.JKDDAAJKLM.EE.LMFFF.LNGGHH.N,8773,52,35,1.044809341430664
A*_zero,F.I.BBF.I..KAAI..K.HCCCKGH.JDDGEEJ..,5242,71,35,0.38965439796447754
A*_zero,...HBB..GHJLAAGIJLCC.IKMFDDDKMFEEE..,6418,54,35,0.774376630783081
A*_zero,FBBBJLF.G.JLAAGHK..CCHK....IDDEEEI..,6312,56,35,0.6014509201049805
A*_zero,HBBCCLHDDD.LAAIJ.L..IJEE.FFFK..GGGK.,6733,55,35,0.887394905090332
A*_zero,EG..JKEGBBJKAAH.JLF.HCCLF..I..DDDI..,6096,61,35,0.7530562877655029
A*_zero,BBBK..HJ.KCCHJAAL.IDD.L.IEE.LMIFFGGM,8004,57,35,1.0198664665222168
A*_zero,BBBK..HJ.KCCHJAAL.HDD.L.IEE.LMIFFGGM,7842,57,35,0.6994750499725342
A*_zero,...HBB..GH.KAAGIJKCC.IJLFDDDJLFEEE..,7016,56,35,0.8927974700927734
A*_zero,BBBJK.GCCJK.G.AAK.DDI....HI....HEEFF,5531,68,35,0.4617025852203369
A*_zero,..IBBBF.IJCCFAAJKLGHDDKLGHEEKM.....M,6418,58,35,0.7595312595367432
A*_zero,F.BBJKFCCCJKAAGH.LDDGH.L...IEE...I..,5508,66,35,0.458559513092041
A*_zero,...HBB..GHJ.AAGIJLCC.IKLFDDDKLFEEE..,5437,55,35,0.6700420379638672
A*_zero,..KBBBCCKL..JAAL.MJDDEEMFFGG.MHHII..,7184,59,35,0.616776704788208
A*_zero,BBBCC...JDD.AAJ..MIEEFFMIGGKL.HHHKL.,7314,54,35,0.8079657554626465
A*_zero,.BBCCCDDDJKLAA.JKLHEEJ.MH.IFFMGGI...,2296,55,35,0.17074847221374512
A*_zero,E.GBBBE.GH.IEAAH.I.F.H.J.FCC.JDDD...,2343,48,35,0.1666550636291504
A*_zero,..IBBB..IJCC.AAJ...HDDK..HEEK.FFGGK.,4060,67,35,0.5337004661560059
A*_zero,FBB.JKF.G.JK..GAALCCCI.L..HIDDEEHI..,3641,65,35,0.25929927825927734
A*_zero,F.BBJLFCCCJLAAGHK.DDGHK....IEE...I..,3979,66,35,0.3059554100036621
A*_zero,HIBBCCHI.KL.HAAKLMDDJ.LM..JEEM.FFGG.,3296,54,35,0.24831581115722656
A*_zero,..HIBB..HI.LAAH..LGCCDDLGEEJK.FF.JK.,3626,66,35,0.24143004417419434
A*_zero,..GHBB..GH.JAAGI.J...ICCF.DD.KFEEE.K,1596,62,35,0.10059356689453125
A*_zero,BBBCCL..JDDLAAJ.KMEEE.KMI..FF.IGGHH.,4810,52,35,0.598397970199585
A*_zero,BBBCCMDDEE.MAAJK....JKFFI.GGLNIHHHLN,4109,51,35,0.3578164577484131
A*_zero,GBB.JLGCCCJLAAH.KMDDHIKM...IEEFFFI..,3675,61,35,0.30712342262268066
A*_zero,FBBBJKFCCCJKAAGH.LDDGH.L...IEE...I..,3719,68,35,0.5215609073638916
A*_zero,BBB.IKCC..IKAA..JL.GDDJL.GHEELFFH...,2539,65,35,0.18041396141052246
A*_zero,BBCCCMI.DDLMIAA.LNEEJFFNGGJK..HHHK..,3141,57,35,0.2592008113861084
A*_zero,BBCCC.G..IDDGAAI.J..HEEJFFH..J..H...,2519,64,35,0.19081377983093262
A*_zero,F.BBJKFCCCJKAAGHJLDDGH.L...IEE...I..,3824,66,35,0.29769372940063477
A*_zero,...IBB..HICCAAHJ.KDD.J.KGEEE.LG.FF.L,2442,62,35,0.1722557544708252
A*_zero,BBBI..G..IKLGAAJKLCCHJ.M..HDDMEEEFF.,3055,57,35,0.43799924850463867
A*_zero,GBBBKLG.CCKLAAIJ..H.IJDDHEEJ.MFFF..M,3796,51,35,0.29233288764953613
A*_zero,.BBCCCDDDJKLAA.JKLHEEJKMH.IFFMGGI...,1354,55,35,0.09487485885620117
A*_zero,G.IBBBG.IKCCAAJK...HJKDD.HEE.LFFF..L,2359,60,35,0.16016912460327148
A*_zero,F.BBJLFCCCJLAAGHKLDDGHK....IEE...I..,3028,66,35,0.2573573589324951
A*_zero,...H....GHBBAAGIJLCC.IJLFDDDKLF.EEK.,2639,61,35,0.21349191665649414
A*_zero,BBBJCC..IJDDAAIJ.LHEEFFLH.GGK.....K.,2117,61,35,0.14496612548828125
A*_zero,BBBI.KCC.I.KAA.J.LGDDJ.LG.HEELFFH...,1818,58,35,0.33377933502197266
A*_zero,BBCCC.G..IDDGAAI.J..HEEJFFH..K..H..K,1582,59,35,0.13060569763183594
A*_zero,.IJBBB.IJ.CCAAJ..LHDDEELHFFK.LGG.K..,1746,64,35,0.1164250373840332
A*_zero,GBBK..G.IKCCH.IAALH.J..L..JDDMEEFF.M,2091,53,35,0.1613302230834961
A*_zero,FBBBJLFCCCJLAAGHK.DDGHK....IEE...I..,2654,68,35,0.22025728225708008
A*_zero,GBBBJLGCCCJLAAH.KMDDHIKM...IEEFFFI..,2573,62,35,0.23345255851745605
A*_zero,GBBBKLG.H.KLAAHJ....IJCCDDIJ.MEEFF.M,2981,56,35,0.23329591751098633
A*_zero,BBG...EFG.JKEFAAJKECCCJL..HI.L..HIDD,1946,58,35,0.13561153411865234
A*_zero,BBB..K..H..K..HAAKCCI.DDG.IJEEGFFJ..,2625,54,35,0.3700292110443115
A*_zero,.BBBCC..I..LAAI..LHDDEELHFFJK.GGGJK.,2424,56,35,0.1666865348815918
A*_zero,IBBCCCI.JDDDAAJK...EEKFF.GGG.L..HH.L,1507,55,35,0.1009066104888916
A*_zero,BBCCKLG..IKLGAAI.L..HDDDEEHJ..FFFJ..,1369,58,35,0.09989094734191895
A*_zero,E..IBBEG.IJKEGAAJKFCCCJLF.H..LDDH...,3062,60,35,0.22876548767089844
A*_zero,FBBBJKFCCCJKAAGHJLDDGH.L...IEE...I..,2567,68,35,0.319141149520874
A*_zero,...IBB..HICCAAHJ.KDD.J.KGEEE.LGFFF.L,1545,63,35,0.1923666000366211
A*_zero,...IBB..HICCAAHJK.DD.JK.GEEEL.G.FFL.,1414,62,35,0.17074108123779297
A*_zero,FBBBJLFCCCJLAAGHKLDDGHK....IEE...I..,2014,68,35,0.2951774597167969
A*_zero,...GI.BBBGI.EAAHI.E.FHCC..FDDJ.....J,1962,70,35,0.25858402252197266
A*_zero,BBCCC...HDDDAAH..KG.HIJKGEEIJLFFF..L,1448,42,35,0.19142961502075195
A*_zero,BBBCC...HDDDAAH..KG.HIJKGEEIJLFFF..L,1451,42,35,0.19468379020690918
A*_zero,...HBB..GHCCAAGIJKDD.IJKFEEEJLF....L,1872,62,35,0.2450094223022461
A*_zero,.GHIBB.GHI.KAAH..KFCCDDKF..J..EE.J..,628,56,35,0.06365585327148438
A*_zero,F..H.IFBBH.IAAGH.J..GCCJ..G....DD.EE,1275,64,35,0.14026403427124023
A*_zero,GBBBKLG.H.KLAAHI.LCC.IDD...JEEFFFJ..,1621,54,35,0.18505334854125977
A*_zero,.BBBCC..IDDKAAI..KHEE.JLHFF.JLGGG.JL,1399,45,35,0.18450331687927246
A*_zero,.BBBCC..H..KAAH.JKG.DDJLGEEIJLFFFI.L,1611,47,35,0.494891881942749
A*_zero,...HBB..GHCCAAGIJLDD.IJLFEEEKLF...K.,1516,62,35,0.1831052303314209
A*_zero,BBI...H.IKCCHAAK..DDJKEE..JFFLGGG..L,734,52,35,0.07687783241271973
A*_zero,BBBICC...I.KAAHI.KG.HDDLGEE.JLFFF.JL,1362,49,35,0.17631196975708008
A*_zero,E..BBBE..G.IAA.G.ICCCH.I..FHDD..F...,1216,60,35,0.12707996368408203
A*_zero,IBB.LMI.J.LMI.JAAMCCCKDDEE.KFFGGHH..,1505,56,35,0.20725297927856445
A*_zero,...IBB..HICCAAHJK.DD.JK.GEEEL.GFFFL.,878,63,35,0.1076970100402832
A*_zero,G.BBCCG.HDDDAAH.JK.EEIJKFFFIJL.....L,1250,56,35,0.15509676933288574
A*_zero,BBBCCL..IDDLAAIJ..HEEJFFHGGJKM....KM,894,58,35,0.10193848609924316
A*_zero,.GBBJL.GHIJLAAHIKMFCC.KMF....MFDDEEE,325,39,35,0.03460431098937988
A*_zero,BBBI.K...I.KAA.J.KGCCJ..G.HDD.EEHFFF,1024,58,35,0.11293363571166992
A*_zero,GBBK..G.IKCCH.IAALH.J..L..JDDMEEFFFM,687,53,35,0.07541036605834961
A*_zero,HIBBCCHI..LMHIAALMDDJKLM..JKEE.FFGG.,754,53,35,0.08838391304016113
A*_zero,.FBBKL.FGIKLAAGI.LE..JCCE.HJ..E.HDDD,837,43,35,0.10237002372741699
A*_zero,BBB..K..HCCK..HAAKDDIJEE..IJFF.GGG..,941,53,35,0.10193586349487305
A*_zero,.GBBJL.GHIJLAAHIKMFCC.KMF....MFDDDEE,355,39,35,0.03929471969604492
A*_zero,HBBCCCHDDJ.KHAAJ.KEEFF.K..IGG...I...,538,51,35,0.05580544471740723
A*_zero,F...JKFBBBJKAAH.JLG.HCCLGDDI..EEEI..,1034,54,35,0.12025809288024902
A*_zero,IJBBCCIJDDM.IJAAMNEEKLMN..KLFF.GGHH.,1055,54,35,0.1305685043334961
A*_zero,GBBBCCGDDD.LG.IAALEEIJKM.H.JKM.HFFKM,702,39,35,0.0883941650390625
A*_zero,GBBK..G.IKCCH.IAALH.J..L..JDDMEEEFFM,562,53,35,0.057836055755615234
A*_zero,GBBCCCGDDD.LG.IAALEEIJKM.H.JKM.HFFKM,668,39,35,0.08042335510253906
A*_zero,.BBBCC..IDDKAAI..KHEEJ.LHFFJ.LGGGJ.L,693,47,35,0.07516741752624512
A*_zero,E.BBB.E..GI.AA.GI.CCCHI...FHDD..F...,830,60,35,0.08121132850646973
A*_zero,FH...KFHBB.KGAAJ.LG.IJ.LG.ICCCDDEEE.,230,51,35,0.021960020065307617
A*_zero,FH...KFHBB.KGAAJ.LG.IJ.LG.ICCCDDDEE.,222,51,35,0.018848896026611328
A*_zero,IBBBCCIDD..MIAA..MEEKFFMJ.KLGGJHHL..,231,48,35,0.022503376007080078
A*_zero,..HBBKG.HJ.KGAAJ.LGCCDDLEEI..L..IFFF,105,47,35,0.008549690246582031
A*_zero,...KBBGCCKLMGIAALMHIDDLNH.JEENFFJ...,22865,54,34,5.037586212158203
A*_zero,.GBBBKFG..JKFAA.JLF.HCCL..HIDDEEEI..,3880,55,34,0.32778143882751465
A*_zero,HBBCCLH.IDDLAAIJ.....JEEFFFJK.GGG.K.,15444,66,34,2.16721510887146
A*_zero,FBB.KLF.I.KLGHIAAMGHICCM...JDDEEEJ..,6491,55,34,0.6132869720458984
A*_zero,F.BBBKF.GHJKAAGHJL.CCIJL...IDD..EE..,13458,53,34,1.7528913021087646
A*_zero,GBBB.KG.CC.KAAHI.KDDHI.....JEEFF.J..,12004,61,34,1.170323371887207
A*_zero,HBBCCLHDDD.LAAIJ.L..IJEE.FFFK...GGK.,10241,53,34,1.1934823989868164
A*_zero,FBBBJLF.CCJLAAGHK.DDGHK....IEE...I..,8995,62,34,1.0316550731658936
A*_zero,BBBI..G..I.LGAAJKLCCHJKM..HDDM.EEFF.,9162,52,34,1.1264495849609375
A*_zero,GHBBBLGH.JKLGAAJK.CCI.K...IDD..EEFF.,9609,53,34,1.1205501556396484
A*_zero,BBBCCL..JDDLAAJ.KMEEFFKMI..GG.I..HH.,7221,49,34,0.8479726314544678
A*_zero,..HBBBCCH..L.GAAKL.GDDKL..IJEEFFIJ..,6761,58,34,0.5765902996063232
A*_zero,...HBB..GHJ.AAGIJLCC.IKLFDDDKLFEE...,8553,54,34,1.017404317855835
A*_zero,...IBBE.HI.KE.HAAKFCCCJLFGDDJL.G..J.,6382,67,34,0.7336986064910889
A*_zero,GBBBK.G.CCK.AAHIK.DDHI.....JEEFF.J..,8125,61,34,0.6328015327453613
A*_zero,FBBBJKF.CCJKAAGHJLDDGH.L...IEE...I..,7782,60,34,0.8970448970794678
A*_zero,GBBBKLGCCIKLAAHIKM..HJ.M...JDD.EEFF.,9035,54,34,1.0570142269134521
A*_zero,FBBBJLF.CCJLAAGHKLDDGHK....IEE...I..,7076,63,34,0.816002607345581
A*_zero,.IBBCC.I.KDDAA.KLMHEEELMH.JFFMH.JGG.,8478,57,34,1.0015926361083984
A*_zero,..IBBLCCI.KL.HAAKL.H.JDD.EEJ..FFFGG.,4335,59,34,0.3977041244506836
A*_zero,GHBBBLGH.JKLGAAJKLCCI.K...IDD..EEFF.,6393,53,34,0.7545995712280273
A*_zero,BBBHJL...HJLAA.IKMFCCIKMF.GDDMEEG...,4910,51,34,0.4343750476837158
A*_zero,...HBBCCCHJKAAG.JKF.GDDKFEEI.....I..,6811,68,34,0.758979082107544
A*_zero,BBF.HI..F.HI..FAAIE..GCCEDDG.....G..,6479,77,34,0.4783966541290283
A*_zero,BBB.J.CC..J.AA..K.GHDDK.GHIEE.FFI...,4473,65,34,0.3368058204650879
A*_zero,GBBICCGDDI..AAHJ....HJEE..HFFK.....K,3969,72,34,0.48175787925720215
A*_zero,BB.JKLH..JKLHAAJ....ICCCDDIEE.FFFGG.,7349,49,34,0.6723992824554443
A*_zero,...H....GHBBAAGIJKCC.IJKFDDD.LF.EE.L,4758,59,34,0.6005864143371582
A*_zero,F.BBBKF...JKAAGHJLCCGHJL...IDDEEEI..,6282,54,34,0.5849275588989258
A*_zero,HBBCCCHDD..LAAJ..L.IJEEM.IFFKMGGG.KM,2659,45,34,0.21731185913085938
A*_zero,GIBBCCGIJ...AAJ..LDDJK.LHEEK.LHFFF..,1969,56,34,0.34623122215270996
A*_zero,BBB.CC..IDDLAAI..LH.EEKMHFFJKMGGGJ.M,4275,44,34,0.3518390655517578
A*_zero,.BBBJ....HJ.AA.HK.FCCIK.F.GIDDEEG...,3399,52,34,0.2454817295074463
A*_zero,..JBBBCCJKL.IAAKL.I..KDDEEFF.MGGGHHM,5855,53,34,0.7054553031921387
A*_zero,FBB.J.F.G.JKF.GAAKCCCI.K..HIDDEEH...,2771,58,34,0.21113181114196777
A*_zero,FBBB.JF.GCCJAAGH.K.DDH.K...IEE...I..,3651,60,34,0.25521039962768555
A*_zero,...GBB..FGIKAAFHIKCC.HJLEDDDJLE.....,3798,52,34,0.32399916648864746
A*_zero,GBBCCKG.I..KAAI..L..IDDLH..JEEHFFJ..,3368,60,34,0.45036911964416504
A*_zero,BBBCCM..JDDMAAJK.NIEEK.NIFF.LNGGHHL.,4122,50,34,0.321211576461792
A*_zero,...H....GHBBAAGIJLCC.IJLFDDDK.F.EEK.,3350,59,34,0.25591492652893066
A*_zero,BBBCC.IDDKEEIAAK.L..JFFLGGJ..MHHH..M,3311,51,34,0.2489018440246582
A*_zero,..HIBB..HI..AAHJ.KGCCJ.KG.DD.LEEFF.L,1740,61,34,0.11040687561035156
A*_zero,.BBBJ.CCCHJKAAGH.KF.GDDKFEEI.....I..,4572,69,34,0.5572171211242676
A*_zero,...H....GHBBAAGHIKCC..IKFDDDJLFEEEJL,4348,61,34,0.38971805572509766
A*_zero,...H....GHBBAAGIJKCC.IJKFDDD.LFEEE.L,3082,60,34,0.24042201042175293
A*_zero,IJBBCCIJDDM.IAALMNEEKLMN..KFF..GGHH.,5045,53,34,0.6290938854217529
A*_zero,.BBBCC..I.DDAAI.KLEEFFKLHGGJ.LH..J..,2496,57,34,0.16984176635742188
A*_zero,.IBBB.GI.KCCGAAK.L..JDDLH.JEELH.JFFF,4370,54,34,0.34987354278564453
A*_zero,BB.GHIE..GHIEAAG.J..FCCJDDF..J..F...,2733,66,34,0.1970977783203125
A*_zero,BB.H.IF..H.IFAAH.J..GCCJDDG..JEEG...,2340,65,34,0.15820002555847168
A*_zero,F...JKFBBBJKAAGH.LCCGH.L...IDD...IEE,2743,65,34,0.19715595245361328
A*_zero,...HBB..GHCCAAGIJKDD.IJKFEEE.LF....L,2611,60,34,0.18959999084472656
A*_zero,BBB.LM.CC.LMAAJK.MI.JKDDIEEFFFGGHHH.,3414,55,34,0.4611377716064453
A*_zero,BB.KCCG..KDDGAAK.MHIJEEMHIJ.LNFFF.LN,3565,50,34,0.2882676124572754
A*_zero,BBB......I.KAA.I.KGCCDDKG.HJEEFFHJ..,3015,58,34,0.19272065162658691
A*_zero,BBBI.JGCCI.JG.HAAJDDH.....HEEEFFF...,2235,65,34,0.1515953540802002
A*_zero,BBBCCL..JDDLAAJ.KMEEFFKMI..GGMI..HH.,2027,49,34,0.13787031173706055
A*_zero,...H....GHBBAAGIJLCC.IJLFDDDK.FEEEK.,2139,60,34,0.15251922607421875
A*_zero,H.IBBBH.IJ..HAAJ..CCDD.KEE...KFFGG.K,2686,55,34,0.38806676864624023
A*_zero,BBBCCL..JDDLAAJ.KMEEFFKMI..GG.I.HHH.,3363,50,34,0.2509269714355469
A*_zero,FBBHCCF.GH.JAAGH.J..GDDK....IK.EE.IK,2045,59,34,0.14862489700317383
A*_zero,.BBBJ.CCCHJKAAGHJKF.GDDKFEEI.....I..,2820,69,34,0.20078635215759277
A*_zero,BBBJ.LCC.J.LAA.K..HDDKEEH.IFFMGGI..M,1579,57,34,0.10954046249389648
A*_zero,F...JLFBBBJLAAGHK.CCGHK....IDD...IEE,2093,65,34,0.15027666091918945
A*_zero,...HBB..GHCCAAGIJLDD.IJLFEEEK.F...K.,1965,60,34,0.1358652114868164
A*_zero,.HIBBB.HI..KAAI..KGCCDDKGEEJ..FF.J..,2048,62,34,0.129746675491333
A*_zero,BBHI.JG.HI.JGAAI.KGCCC.KDD....EEFF..,1726,60,34,0.11962509155273438
A*_zero,FBBBJ.F.G.J.AAGHK..CCHK....IDDEEEI..,1576,54,34,0.10615086555480957
A*_zero,F.BB.JFCCC.JAAGH.KDDGH.K...IEE...I..,1706,63,34,0.11373734474182129
A*_zero,BBG...EFG.JKEFAAJKECCCJK..HI....HIDD,1742,60,34,0.11545181274414062
A*_zero,.BBCCCDDDJ.KAA.J.KHEEJ.LH.IFFLGGI...,1018,53,34,0.0627450942993164
A*_zero,IBBKCCIDDKM.IAALM.EEJLMN..JFFN.GGHH.,2554,46,34,0.39426612854003906
A*_zero,H.IBBBH.IJ..HAAJ.KCCDD.KEEFF.KGG....,1964,54,34,0.12877678871154785
A*_zero,BBB...F.HCCCF.HAAKGDDIJKG..IJLEEEI.L,2079,51,34,0.16083335876464844
A*_zero,F...JKFBBBJKAAGHJLCCGH.L...IDD...IEE,1935,65,34,0.13545536994934082
A*_zero,E..BBBE..G.JEAAGIJCCCHIJ..FH....FDD.,1640,55,34,0.10345292091369629
A*_zero,BBB.LM.CC.LMAAJK.MI.JKDDIEEFFFGGGHH.,2277,55,34,0.1778566837310791
A*_zero,BBBJCC..IJDDAAIJ..HEEFF.H.GGK.....K.,1124,59,34,0.06981611251831055
A*_zero,.GHBBL.GH..LAAI..MF.IJKMFCCJKMFDDEEE,493,41,34,0.030724525451660156
A*_zero,BBHCC.DDH.J.GAA.JKGEEEJKG..IFF...I..,1908,53,34,0.13201427459716797
A*_zero,.GHBBL.GH..LAAI..MF.IJKMFCCJKMFDDDEE,443,41,34,0.02659153938293457
A*_zero,F...JLFBBBJLAAGHKLCCGHK....IDD...IEE,1584,65,34,0.10669112205505371
A*_zero,BBBCCLDDEEELAAIJ..H.IJFFH.GGKM....KM,1368,52,34,0.0951387882232666
A*_zero,.BBCCC.DDDKLAAIJKLH.IJEEHFFF.MGGG..M,1464,54,34,0.1014106273651123
A*_zero,BBJL..I.JLCCIAAL.MDDKEEM..K.FF.GG.HH,1232,55,34,0.0753927230834961
A*_zero,HIBBCCHI..L.HIAALMDDJKLM..JKEE.FFGG.,1151,52,34,0.0783987045288086
A*_zero,..JBBB..JCCMAAJKLMHDDKLNHIEEEN.IFFGG,1119,45,34,0.07817745208740234
A*_zero,FBBB.JFCCC.JAAGH.KDDGH.K...IEE...I..,1150,65,34,0.07291340827941895
A*_zero,E...IKEBBBIKAAFGJLCCFGJL...HDD...H..,1208,64,34,0.08104586601257324
A*_zero,...G....FGBBAAFHIKCC.HIKEDDDJLE...JL,995,60,34,0.2663228511810303
A*_zero,HBB.KLH.I.KLH.IAALCCCJDDEE.J..FFGG..,1666,55,34,0.1135258674621582
A*_zero,BBBCCL..IJ.LAAIJ..HDDJEEHFF.KMGG..KM,1386,57,34,0.08531808853149414
A*_zero,HBBCCCHDDK..HAAK..EEJFFL.IJ..L.IGG.L,1214,48,34,0.07674169540405273
A*_zero,IBBKCCIDDKM.IAALMNEEJLMN..JFFN.GGHH.,1666,47,34,0.11445045471191406
A*_zero,H.BBCCHDD..LAAJ..LI.JEEMIFFK.MGGGK.M,1379,55,34,0.09053230285644531
A*_zero,...HI.BBBHI.AA.HJ.F.CCJ.F.GDD.EEG...,787,57,34,0.04743361473083496
A*_zero,IBBBCCIJ.DDMIJAALMEEFFLM...KGGHH.K..,1484,47,34,0.10931968688964844
A*_zero,F.BBJ.FCCCJ.AAGHK.DDGHK....IEE...I..,985,63,34,0.06753873825073242
A*_zero,HBB.K.H.I.KLH.IAALCCCDDLEE.JFFGG.J..,1480,54,34,0.09725213050842285
A*_zero,BBHCC.DDH.JKGAA.JKGEEEJKG..IFF...I..,1298,54,34,0.08627438545227051
A*_zero,BBBCCLDDJEELAAJK..IFFKGGIHHH........,317,52,34,0.017368316650390625
A*_zero,..IBBMCCIJLMHAAJL.H..KDDEEEK..FFGGG.,967,52,34,0.06818413734436035
A*_zero,BBBCCKDDEEEKHAAJ..H.IJFF..IGGL.....L,836,53,34,0.049452781677246094
A*_zero,BBF...E.FCC.E.AAH....GH.DDDGI....GI.,883,55,34,0.05472111701965332
A*_zero,GIBBB.GI.KCCGAAK.LDDJ..LH.JEELH.JFFF,1127,53,34,0.07685685157775879
A*_zero,BBCCCLDDDJKLAA.JKMH.EEKMH.IFFFGGI...,983,51,34,0.06717514991760254
A*_zero,.BBBCC..JDDLAAJK.LIEEK.MI.FF.MIGGHHM,607,54,34,0.035268306732177734
A*_zero,IJBBCCIJDDMN.JAAMNEEKLMN..KLFF.GGHH.,1048,54,34,0.06854891777038574
A*_zero,BBB..LH....LH.JAALCCJKDDIEEK..IFFFGG,1004,47,34,0.06218743324279785
A*_zero,FBBJKMF.IJKMAAI.LN.HCCLNGH...NGDDDEE,573,47,34,0.03458690643310547
A*_zero,.BBBCC..H..KAAHIJKGDDIJLGEEIJLFFF..L,896,47,34,0.06061124801635742
A*_zero,BBBCC....IK..AAIK.DDHJEEG.HJ.LGFFF.L,556,53,34,0.02935314178466797
A*_zero,BBBJ.....JCCAA.KL.HDDKL.H.IEE.FFIGGG,610,55,34,0.03682351112365723
A*_zero,H..JBBHCCJ.L..IAAL..IKDDEEEK..FFGGG.,572,55,34,0.03556108474731445
A*_zero,.FBBKM.FGIKMAAGI.ME.HCCCE.HJL.EDDJL.,591,40,34,0.03822731971740723
A*_zero,FBBBJ.FCCCJ.AAGHK.DDGHK....IEE...I..,654,65,34,0.03749847412109375
A*_zero,FBBJKMF.IJKMAAI.LN.HCCLNGH...NGDDEEE,525,47,34,0.03232622146606445
A*_zero,BBCC.LH..J.LHAAJ.L..IDDDEEIK..FFFKGG,432,56,34,0.026761531829833984
A*_zero,.FBBKM.FGIKMAAGILNE.HJLNE.HJ.NECCDDD,235,38,34,0.01569652557373047
A*_zero,.FBBKM.FGIKMAAGILNE.HJLNE.HJ.NECCCDD,244,38,34,0.017085790634155273
A*_zero,GBBCCCG..I.JGAAI.JDDEE.J..HFF...H...,313,49,34,0.017821311950683594
A*_zero,IKBBCCIKDDMNJKAAMNJEELMNJ..LFFGGHH..,455,47,34,0.03309917449951172
A*_zero,IKBBCCIKDDMNIKAAMNJEELMNJ..LFFGGHH..,427,47,34,0.03150510787963867
A*_zero,E.BBB.E..GI.EAAGI.CCCHI...FH....FDD.,343,55,34,0.01723623275756836
A*_zero,BBBCCKG....KGAA..KG.IDDDH.IJEEHFFJ..,211,47,34,0.01168203353881836
A*_zero,BBICCC..I..KH.IAAKHDDEEK...JFFGGGJ..,164,50,34,0.008506536483764648
A*_zero,IBBCCMI.JDDMAAJK.....KEEFFF.L.GGHHL.,31685,60,33,6.147519826889038
A*_zero,HBBCCLH.IDDLAAIJ.....JEEFFFJK.GG..K.,21157,64,33,3.0840206146240234
A*_zero,FBBB.KF....KAAGHJLCCGHJL...IDD.EEI..,18718,51,33,3.399890184402466
A*_zero,BBB.IK....IKAA..JLFGCCJLFGHDD.EEH...,14449,60,33,4.15943717956543
A*_zero,...HBB..GHJKAAGIJKCC.I.LFDDD.LFEE...,15491,52,33,5.171306848526001
A*_zero,FBBBJLF.CCJLAAGHKM..GHKM...IDD...IEE,14628,58,33,1.9061877727508545
A*_zero,GBBB.LG.HCCLAAHIK.DDDIK....JEEFF.J..,3005,57,33,0.4338703155517578
A*_zero,.BBIK...GIK.AAGJK...HJCCF.HDDLFEE..L,9832,56,33,1.0551700592041016
A*_zero,HBBK.LHCCK.LAAJK..DDJ....IJEE..IFFGG,5036,69,33,0.40366291999816895
A*_zero,...HBB..GHJLAAGIJLCC.IK.FDDDK.FEE...,11412,52,33,1.3212058544158936
A*_zero,GBBICCGDDI..AAHI....HEEK..H.JK.FF.JK,11237,60,33,1.5326194763183594
A*_zero,...HBB..GHJKAAGIJKCC.I.LFDDD.LFEEE..,9806,52,33,1.1689693927764893
A*_zero,..HBBBCCHJ.LGAAJKLGDDJK...IEE.FFI...,7730,56,33,0.65641188621521
A*_zero,HBBCCMH.IDDMAAIJ.....JEEFFFKL.GG.KL.,5097,61,33,0.6410694122314453
A*_zero,FBBB.KF....KAAGHJLCCGHJL...IDDEEEI..,9024,51,33,1.0671110153198242
A*_zero,BB.IJK...IJKGAAI..G.HCCCDDHEE.FFF...,12949,49,33,1.499945878982544
A*_zero,BBB.IKCC..IKAA..J..GDDJ..GHEE.FFH...,7764,64,33,0.9909284114837646
A*_zero,F.BBJLFCCCJLAAGHKM..GHKM...IDD...IEE,8732,62,33,1.2273638248443604
A*_zero,H.BBCCH....LAAI..LDDIEEMFFFJKMGG.JK.,9693,58,33,1.1231982707977295
A*_zero,FH.BBLFH..KLGAA.KMG.ICCMG.IJDDEEIJ..,4227,56,33,0.3908224105834961
A*_zero,..JBBBG.JKCCGAAKLM.I..LMHIDDLNHEEFFN,9534,48,33,1.1435575485229492
A*_zero,HBBCCCH.JKDDAAJK...IEE.L.I...LFFGG.L,9034,61,33,1.0239858627319336
A*_zero,...HBB..GHJLAAGIJLCC.IK.FDDDK.FEEE..,7021,52,33,0.8266589641571045
A*_zero,BBB.IK....IKAA..JLFGCCJLFGHDDLEEH...,5455,60,33,0.4377007484436035
A*_zero,FGBBB.FG.ICCAA.IJK.DDDJK..H.JL..HEEL,11689,60,33,1.3055996894836426
A*_zero,FBBH..FCCH.JAAGH.J..GDDK..G.IK.EE.IK,6932,61,33,0.7989461421966553
A*_zero,F.HBBBF.HI.KFAAIJK.G..JL.GCCJLDDEE..,7082,47,33,0.855292558670044
A*_zero,.HI.BB.HI..LAAI.KLGCCCKLGDDJ..EE.JFF,5420,63,33,0.45649290084838867
A*_zero,BBBIJLG..IJLGAAI.M..HCCMDDH.K.EEFFK.,7998,54,33,1.031095027923584
A*_zero,EBBBIKE.FGIKAAFGJL.CCHJL...HDD......,6309,52,33,0.8036918640136719
A*_zero,BBBCCKDDDI.KAAHI.LG.HEELG.FFJ.....J.,4978,53,33,0.415208101272583
A*_zero,..JBBBCCJK..IAAK.LIDDEELFFGG.LHH....,9000,56,33,0.9761674404144287
A*_zero,HBBCCMH.IDDMAAIJ.....JEEFFFKL.GGGKL.,3137,61,33,0.23891949653625488
A*_zero,BBB.JKGCCCJKG.HAALDDHI.L...IEEFFFI..,5059,56,33,0.6295318603515625
A*_zero,BBB.IKCC..IKAA..JK.GDDJ..GHEE.FFH...,5928,65,33,0.46518707275390625
A*_zero,HIBBCCHI.KL.HAAKLMDDJ.LM..JEE..FFGG.,5005,52,33,0.4110703468322754
A*_zero,H.BBCCH....LAAI..LDDIEEMFFFJKMGGGJK.,6864,59,33,0.7951793670654297
A*_zero,BBBJKLCC.JKLHAAJ.MH.IDDMEEI....FFFGG,3467,51,33,0.2723698616027832
A*_zero,BBBCCL..IDDLAAIJ..H..JEEHFFJKMGGG.KM,7376,54,33,0.8761084079742432
A*_zero,....KLF.BBKLFAAJK.GHIJCCGHIDDMEEE..M,5509,52,33,0.4762756824493408
A*_zero,...H....GHBBAAGHIKCC..IKFDDDJLFEE.JL,5774,59,33,0.7642624378204346
A*_zero,BBCCKL.DDDKLAAIJ..H.IJEEHFFJ.MGGG..M,3851,54,33,0.3304288387298584
A*_zero,FBBBJLFCCCJLAAGHKM..GHKM...IDD...IEE,5671,64,33,0.703284502029419
A*_zero,FBBBJKF.G.JKAAGI....HICCDDHI.L.EE..L,5788,54,33,0.47371625900268555
A*_zero,BBBHJK...HJKAA.IJLFCCI.LF.GDDLEEG...,4932,52,33,0.7475266456604004
A*_zero,H..BBBH.CCDDAAI..LEEIJKLFFFJKMGG...M,4879,48,33,0.42082643508911133
A*_zero,BBCCL.HDDKL.HAAK..EEJK...IJ....IFFGG,4429,62,33,0.5770022869110107
A*_zero,BBCCIJ....IJAA...KFDDD.KF.GHEEF.GH..,3429,61,33,0.24880576133728027
A*_zero,GBB.JLGCCCJLAAH.K.DDHIK....IEEFFFI..,4546,58,33,0.36352014541625977
A*_zero,BB.I..G..ICCGAAI.J..HDDJEEH..KFFH..K,2184,65,33,0.14818310737609863
A*_zero,GBBCCJG....JGAA..K..HDDK..HIEEFFHI..,3285,66,33,0.4388716220855713
A*_zero,...H....GHBBAAGHIKCC..IKFDDDJKFEE.J.,5627,58,33,0.4920022487640381
A*_zero,BBBCCL..IDDLAAI.KMEEFFKMHGGJ..H..J..,3366,54,33,0.23906803131103516
A*_zero,..IBB.CCI.KLHAA.KLHDDDKLH..JEEFF.JGG,5600,56,33,0.6827876567840576
A*_zero,BBHI.KG.HI.KGAAI..G.CCC.DDD.J.EEFFJ.,4639,64,33,0.3783409595489502
A*_zero,BB.ICCG..I..GAAI.J..HDDJEEH..JFFH...,3676,73,33,0.25784730911254883
A*_zero,BBBI..G..IK.GAAJKLCCHJ.L..HDDLEEEFF.,4693,53,33,0.36292219161987305
A*_zero,BBB.JL..H.JLAAH.KLGCCCK.G..IDDEE.IFF,4571,50,33,0.5937638282775879
A*_zero,..HBBBCCH.K.AAIJK.G.IJDDGEEJ.LFFF..L,3941,58,33,0.29874444007873535
A*_zero,.IBBCC.IJ..MAAJ..MHDDEENHFFKLNGGGKL.,1117,52,33,0.07353067398071289
A*_zero,..BBJ.CCCHJKAAGHJKF.GDDKFEEI.....I..,4203,66,33,0.3216245174407959
A*_zero,FBB..LFHI..LFHIAAMCCJK.MG.JKDDGEEE..,1870,48,33,0.13292479515075684
A*_zero,BBBCCL..IJ.LAAIJ..HDDJEEHFF.K.GG..K.,3554,57,33,0.45148396492004395
A*_zero,.BBBJL..GHJLAAGHKLFCCCK.F..IDDEE.I..,3890,49,33,0.3104524612426758
A*_zero,.GBB.K.GHI.KAAHI.K..HJCCFDDJ..FEEE..,1593,61,33,0.09894990921020508
A*_zero,...GBB..FG.JAAFHIJCC.HIKEDDDIKE.....,3392,52,33,0.2697567939758301
A*_zero,GBB.JLGCCCJLAAH.KLDDHIK....IEEFFFI..,3418,58,33,0.27870702743530273
A*_zero,BBBCC...IJDDAAIJKLHEEJKLH.FFKMGGG..M,3980,48,33,0.5391478538513184
A*_zero,HBBJCCH..JL.HAAKL.DDIKLM..IEEM.FFGG.,2884,45,33,0.22733354568481445
A*_zero,H..BBBH.CCDDAAI..LEEIJKLFFFJKMGGG..M,3284,48,33,0.26889729499816895
A*_zero,EGBBKLEGH.KLF.HAALFCCJ..F.IJ....IDDD,3497,58,33,0.2546236515045166
A*_zero,.BBBJK..GHJKAAGHJLFCCC.LF..IDDEE.I..,4128,50,33,0.5354528427124023
A*_zero,...GBB..FGI.AAFHIKCC.HJKEDDDJKE.....,2976,52,33,0.23253607749938965
A*_zero,BBBJ.KHCCJ.KH.IAAKDDI.....IEEE.FFGG.,3017,58,33,0.21845459938049316
A*_zero,BBG...EFG.JKEFAAJKECCCJ...HI....HIDD,2677,57,33,0.18621397018432617
A*_zero,...H....GHBBAAGHIKCC..IKFDDDJKFEEEJ.,3862,59,33,0.31119561195373535
A*_zero,.HBBCC.HIDDDAAI..LG.IJKLGEEJKMFFF..M,315,41,33,0.0189816951751709
A*_zero,GBBBJLGCCCJLAAH.K.DDHIK....IEEFFFI..,3109,59,33,0.4480862617492676
A*_zero,GBBBKLGCCCKLAAHIKL..HI.....JDD.EEJFF,3878,59,33,0.30774903297424316
A*_zero,BBBHJ.F..HJLFAAIKLCCGIKM..GDDMEEE..M,2559,49,33,0.21266484260559082
A*_zero,FBBBJ.F.CCJ.AAGHK.DDGHK....IEE...I..,2281,60,33,0.16019606590270996
A*_zero,BBBCC...JDD.AAJ...IEEFF.IGGKL.HHHKL.,3484,51,33,0.2676098346710205
A*_zero,FBBBJ.F.GHJKAAGH.KCCDD.K...IEE...I..,2651,52,33,0.17519235610961914
A*_zero,...HBBCCCH.JAAG..JF.GDDJFEEI.....I..,2732,66,33,0.38713669776916504
A*_zero,E.HBBKE.HIJKEAAIJLFGCCJLFG.....G.DD.,2969,50,33,0.2229313850402832
A*_zero,BBF..H..F..H..FAAHE..GCCEDDG.....G..,2405,74,33,0.14191412925720215
A*_zero,BBCCC...IDDDAAIJKLGEEJKLGH..KMGH.FFM,2323,46,33,0.18517804145812988
A*_zero,IJBBCCIJDD.NIJAAMNEEKLMN..KLFF.GGHH.,3031,49,33,0.24585390090942383
A*_zero,BBI.K.G.I.KLG.IAALCCCJ.LH..JDDHEEFF.,2674,57,33,0.21634244918823242
A*_zero,HBBJCCH..JL.HAAKLMDDIKLM..IEEM.FFGG.,2043,46,33,0.1623990535736084
A*_zero,.BBCCC.DDDKLAAIJKLH.IJEEHFFF.MGG...M,2175,53,33,0.16461753845214844
A*_zero,BBBK..HJ.KCCHJAAL.IDD.L.IEE.L.IFFGG.,2610,53,33,0.435502290725708
A*_zero,GBBBJLGCCCJLAAH.KLDDHIK....IEEFFFI..,2344,59,33,0.21071434020996094
A*_zero,BBBK..HJ.KCCHJAAL.HDD.L.IEE.L.IFFGG.,2547,53,33,0.22470927238464355
A*_zero,BBICCLF.IJKLFAAJKMFHDDDMGH....G..EE.,2023,54,33,0.13591456413269043
A*_zero,BBB.K..CCCKLAAIJKL..IJDDHEEE.MHFFGGM,1981,53,33,0.14462590217590332
A*_zero,..IBBB.HI.LM.HAALMCCJDDMG.JKEEGFFK..,1982,53,33,0.12124848365783691
A*_zero,...H....GHBBAAGI.JCC.I.JFDDD.KF.EE.K,1519,58,33,0.09790325164794922
A*_zero,..IJBBG.IJKLGAA.KLCCDDKM.HEEEM.HFFF.,2112,52,33,0.14665675163269043
A*_zero,BBJCCCG.JK..GAAK..HIDD.LHI...LEEFF.L,1867,57,33,0.13219356536865234
A*_zero,BBB..L..JCCLAAJK.LI..KDDIEEFFFGGHHH.,2000,54,33,0.1368265151977539
A*_zero,.BBCCK..IDDKAAIJ.KHEEJ..H..JFFHGGG..,2118,57,33,0.14628148078918457
A*_zero,BBB..J..HCCJAAHI.JGDDI..G..IEEGFFF..,2198,62,33,0.14661955833435059
A*_zero,BBCC.L..JDDLAAJK.MIEEK.MI..KFFIGGHH.,1838,52,33,0.32932019233703613
A*_zero,.BBB..CCCH.JAAGH.JF.GDDJFEEI.....I..,1808,66,33,0.11663365364074707
A*_zero,GBBICCGDDI.JAAHI.J..HEEK..H..KFF...K,1274,60,33,0.08139657974243164
A*_zero,BBCCC....JDD.AAJ...HIEEK.HI..KFFIGGK,1563,60,33,0.09939193725585938
A*_zero,HIBBBLHICCKLHIAAKMDDJ.KM..JEE..FFGG.,2042,46,33,0.16107821464538574
A*_zero,FBBB.KF..IJKAA.IJLGCCIJLG.HDDDEEH...,1802,48,33,0.1382899284362793
A*_zero,.BBBCCDDDJ.LAAIJ.LEEI.KMHFF.KMHGGG.M,1340,40,33,0.10187268257141113
A*_zero,BBB..KG...JKG.AAJLGCCCJL..HIDDEEHIFF,1778,49,33,0.2340090274810791
A*_zero,.BBCCCDDDJ.LAAIJ.LEEI.KMHFF.KMHGGG.M,1274,40,33,0.16904115676879883
A*_zero,GBB.J.G.H.JKG.HAAKCCCDDK...IEEFF.I..,1721,53,33,0.2152087688446045
A*_zero,.HBBBLFH..KLFAA.KMGICCKMGIJDDDEEJ...,1647,44,33,0.2409062385559082
A*_zero,HIBBCCHI..LM.IAALMDDJKLM..JKEE.FFGG.,1120,52,33,0.14455485343933105
A*_zero,GBBCC.G.IDDDAAI.KLHEEJKLH..J.MFFFJ.M,1816,42,33,0.254044771194458
A*_zero,F...IKFBBBIKAAG.JLCCGHJL...HDDEEEH..,1264,58,33,0.1771402359008789
A*_zero,EBB.JKE...JKF.GAAKF.GICCF.HI..DDHI..,1638,61,33,0.5034430027008057
A*_zero,BBBI..G..I.KGAAJ.KCCHJ.L..HDDLEEEFF.,1017,54,33,0.11443495750427246
A*_zero,...H....GHBBAAGI.JCC.I.JFDDD.KFEEE.K,990,59,33,0.1414175033569336
A*_zero,IJBBCCIJDDM..JAAMNEEKLMN..KLFF.GGHH.,1718,53,33,0.2637825012207031
A*_zero,BBBJKLCC.JKLAA.J.MHDDEEMH.IFFFGGI...,1616,52,33,0.22353768348693848
A*_zero,BBCCC...HDDDAAH..JG.H.IJGEE.IKFFF..K,1020,40,33,0.12665224075317383
A*_zero,HBBCCCH.DD.LH.AAKLEEFFKL..IJ....IJGG,835,44,33,0.09309768676757812
A*_zero,BBBCC...HDDDAAH..JG.H.IJGEE.IKFFF..K,989,40,33,0.12316632270812988
A*_zero,GBBB.KG.H..KAAHJ....IJCCDDIJ.LEEFF.L,1162,53,33,0.12908577919006348
A*_zero,BBB..L..JCCLAAJK.LI..KDDIEEFFFGGGHH.,1395,54,33,0.17071914672851562
A*_zero,...H....GHBBAAGIJ.CC.IJ.FDDDK.F.EEK.,849,58,33,0.09430551528930664
A*_zero,BB.KCCH..K..HAAL..DDJLEEI.JFFMIGGG.M,909,51,33,0.10058760643005371
A*_zero,...G....FGBBAAFHIJCC.HIJEDDDIKE....K,1129,58,33,0.14231109619140625
A*_zero,F....JFBBB.JAAGH.KCCGH.K...IDD...IEE,821,62,33,0.08622217178344727
A*_zero,...HBB..GHCCAAGI.JDD.I.JFEEE.KF....K,790,59,33,0.08360958099365234
A*_zero,BBB...F.HCCCF.HAAJGDDI.JG..I.KEEEI.K,795,48,33,0.09877419471740723
A*_zero,GBBCCCG.I..KAAI.JK.HDDJL.HEEJLFFF..L,681,45,33,0.07818460464477539
A*_zero,BBBCC...HDDDAAH..JG.HI.JGEEI.KFFF..K,840,40,33,0.10188031196594238
A*_zero,.BBCCC.DDD.KAAIJ.KH.IJEEHFFF.LGGG..L,909,52,33,0.104522705078125
A*_zero,BBCCC...HDDDAAH..JG.HI.JGEEI.KFFF..K,806,40,33,0.09206366539001465
A*_zero,BBCC.KG..I.KGAAI.K..HDDDEEHJ..FFFJ..,491,55,33,0.05140876770019531
A*_zero,IBBCCNI.KDDNAAKL..J..LEEJFFM..JGGMHH,924,54,33,0.10837674140930176
A*_zero,BBCC.LIDDD.LIAAK.LEEJK....JFFFGGGHH.,1211,48,33,0.15210318565368652
A*_zero,...G....FGBBAAFHIKCC.HIKEDDDJKE...J.,918,58,33,0.10218191146850586
A*_zero,BBCCKLF...KLF..AAMGDDJ.MGHIJ.MGHIEEE,782,49,33,0.08140397071838379
A*_zero,BBBJ.....JCCAA.K..HDDK.LH.IEELFFIGGG,695,55,33,0.0653679370880127
A*_zero,BBB..LEGI..LEGIAAL..JKCCFHJK..FHJDD.,959,46,33,0.11542391777038574
A*_zero,E.HBBKE.HIJKEAAIJLFGCCJLFG...L.G.DD.,940,50,33,0.1092386245727539
A*_zero,IBBKL.I.JKL.AAJK...CCCDDEEEFFMGGGHHM,963,47,33,0.11171698570251465
A*_zero,GHBBBKGH..JKGHAAJLCCI.JL..IDDD.EEFF.,833,46,33,0.10332036018371582
A*_zero,HIBBBLHICCKLHAA.KMDDJ.KM..JEEEFFGG..,1151,44,33,0.15313363075256348
A*_zero,FBBB..F.HJCCAAHJ.KDDIJ.K.GI..L.GEEEL,732,53,33,0.07940912246704102
A*_zero,GBBB.KG.H..KAAHI.KCC.IDD...JEEFFFJ..,833,52,33,0.08658862113952637
A*_zero,HBBCCCH.IDDDAAIJ...EEJFF.GGG.K.....K,482,52,33,0.05287647247314453
A*_zero,.BBBCCDDDJ.LAAIJKLEEI.KMHFF.KMHGGG.M,767,42,33,0.09674072265625
A*_zero,FHBBBLFH.JKLGAAJKMG.CCKMG.I...DDIEE.,898,44,33,0.10936236381530762
A*_zero,.BBCCCDDDJ.LAAIJKLEEI.KMHFF.KMHGGG.M,749,42,33,0.09092450141906738
A*_zero,...H....GHBBAAGIJ.CC.IJ.FDDDK.FEEEK.,542,59,33,0.057381391525268555
A*_zero,F...J.FBBBJ.AAGHK.CCGHK....IDD...IEE,523,62,33,0.0514676570892334
A*_zero,...HBB..GHCCAAGIJ.DD.IJ.FEEEK.F...K.,496,59,33,0.04435276985168457
A*_zero,HJBBCCHJ..LMIJAALMIDDKLMI..KEEFFGG..,612,46,33,0.07137441635131836
A*_zero,GBBCCCG..J..GAAJ..DDIEEK.HI..K.HFF.K,553,46,33,0.055619239807128906
A*_zero,HJBBCCHJ..LMHJAALMIDDKLMI..KEEFFGG..,584,46,33,0.06809473037719727
A*_zero,IKBBCCIKDDM.JKAAMNJEELMNJ..LFFGGHH..,712,46,33,0.09015727043151855
A*_zero,IKBBCCIKDDM.IKAAMNJEELMNJ..LFFGGHH..,672,46,33,0.07848048210144043
A*_zero,BBBICC...I.JAAHI.JG.HDDKGEE..KFFF..K,470,46,33,0.05143427848815918
A*_zero,GBB.KLG.I.KLG.IAALCCCJDD.H.JEE.HFF..,634,54,33,0.0728003978729248
A*_zero,BBBKCCIDDK..I.JAALEEJFFL..JGGGHHH...,199,56,33,0.031115293502807617
A*_zero,GBBB..G..JCCGAAJ.KDDI..KH.IEEKH.IFFF,503,51,33,0.06266593933105469
A*_zero,GBB.JKG.H.JKG.HAAKCCCIDD...I..EEFF..,441,54,33,0.0437474250793457
A*_zero,IJBBCCIJDDM.IJAAM.EEKLM...KLFF.GGHH.,417,51,33,0.0437169075012207
A*_zero,.IBBCC.IDDLM.IAALMEEJKLM..JKFF.GGHH.,414,51,33,0.042740583419799805
A*_zero,.GBBKL.GHJKLAAHJ.MF.ICCMF.I..MFDDDEE,156,37,33,0.016597509384155273
A*_zero,GBB.J.G.H.JKG.HAAKCCCDDKEE.IFF...I..,358,53,33,0.03328704833984375
A*_zero,GBB.KLG.H.KLG.HAALCCCJDD..IJEE..IFF.,312,53,33,0.029929399490356445
A*_zero,HBBBCCH....LHAA..LDDJEELI.JKFFIGGK..,135,44,33,0.01008296012878418
A*_zero,.BBCCK..H..KAAHJ.LGDDJ.LG.IEELG.IFFF,257,43,33,0.022157669067382812
A*_zero,FBBBJLF.I.JLAAI.KM.HCCKMGH...MGDDEEE,133,42,33,0.011367559432983398
A*_zero,FBBBJLF.I.JLAAI.KM.HCCKMGH...MGDDDEE,133,42,33,0.0123138427734375
A*_zero,H.BBCCHDDJ.LAAIJ.L..IEEM.FFFKM..GGK.,20737,55,32,4.530540227890015
A*_zero,BBB.L..CC.L.AAIK..GHIKDDGHJEEMFFJ..M,19814,61,32,2.5906593799591064
A*_zero,BBBCCL..IDDLAAI.K.HEEEK.H..JFFGG.J..,17866,63,32,1.9838473796844482
A*_zero,HBBK..HI.KCCHIAAL.DDJ.LM..JEEMFFGG.M,15455,54,32,2.563525676727295
A*_zero,H.BBCCHDDJ.LAAIJ.L..IEEM.FFFKM.GGGK.,13054,56,32,2.1114084720611572
A*_zero,BBBCC...JKDDAAJK.MIEEFFMIGG.L.HH..L.,14327,53,32,1.702026128768921
A*_zero,BBBCC...JKDDAAJK.MIEEKLMI.FFL.GGHH..,16767,51,32,2.241976499557495
A*_zero,.I.BBBGICCL.GAAKLMHDDKLMH.JEEMFFJ...,15192,52,32,2.137570858001709
A*_zero,BBH..KFGH.JKFGAAJLFCCI.L...IDDEEEI..,5416,53,32,0.5191173553466797
A*_zero,FBBB.KF.GCCKAAGHJK.DDHJ....IEE...I..,13120,60,32,1.4612786769866943
A*_zero,BBBCCMDDEE.MAAJK..I.JKFFI.GGLNHH..LN,8022,48,32,0.9523773193359375
A*_zero,BBBCCK..IDDKAAI.JLEEE.JLH..FF.H..GG.,9275,51,32,1.1274127960205078
A*_zero,BB.LCCDDDLMN.JAAMN.JKEENI.KFF.IGGHH.,8282,49,32,1.160264015197754
A*_zero,BBBI..G..I..GAAJKLCCHJKL..HDDL.EEFF.,13926,51,32,1.9125244617462158
A*_zero,GBB.JKGCCCJK..HAALDDHI.L...IEEFFFI..,7353,54,32,0.9672112464904785
A*_zero,GBBJCCG.IJDDAAI..L.HEEKL.H..KMFFF.KM,14015,53,32,1.7462260723114014
A*_zero,BBBCCLDDEE.LAAJK..I.JKFFIGGG....HH..,1645,46,32,0.12513327598571777
A*_zero,.GBBCC.G.I..AA.IJK.DDDJK..HEEKFFH...,5416,60,32,0.7128663063049316
A*_zero,BBBI..G..IK.GAAJK.CCHJKL..HDDL.EEFF.,12536,53,32,1.4208948612213135
A*_zero,BBB.LM.CC.LMAAJK.MI.JKDDIEE.FFGGHHH.,10744,52,32,1.253617763519287
A*_zero,..H..KBBH.JKFGAAJLFGCCJLF..IDDEE.I..,9508,64,32,1.1622776985168457
A*_zero,GBBBKLGCCIKLAAHIKL..HJ.....JDD.EEFF.,11262,53,32,1.2650878429412842
A*_zero,BB.HIKF..HIKFAAH....GCCCDDG.JLEEE.JL,9970,47,32,1.1722633838653564
A*_zero,BBBHJK...HJKAA.I.LFCCI.LF.GDDLEEG...,5856,50,32,0.7079000473022461
A*_zero,IBBCC.I.KLDDAAKL...JKLEE.JFF.M.GGHHM,3850,57,32,0.5201296806335449
A*_zero,GBBCCKG.HDDKAAHI.....IEEFFFIJ.....J.,5611,60,32,0.46184301376342773
A*_zero,GBBJ.MGH.JLMGHAAL.CCIKL...IKDD.EEFF.,6746,50,32,0.780236005783081
A*_zero,BBI..LF.I..LFAA..MGHJCCMGHJKDDGEEK..,5755,58,32,0.4839212894439697
A*_zero,FBBB.KF.GCCKAAGHJ.DDDHJ....IEE...I..,1308,56,32,0.0883939266204834
A*_zero,GBBB.KG.HCCKAAHI..DDDI.....JEEFF.J..,1574,55,32,0.09855103492736816
A*_zero,BBI..LF.I..LFAA..MFHJCCMGHJKDDGEEK..,4421,58,32,0.5499327182769775
A*_zero,I.BBCCI.DDLMAAJ.LMEEJFFNGGGK.NHH.K..,7199,53,32,0.6807210445404053
A*_zero,EBBBIKE.CCIKAAFGJL..FGJL...HDD...H..,7154,55,32,0.9095737934112549
A*_zero,BBBCCL..IDDLAAI..MH.EEKMHFFJK.GGGJK.,7655,45,32,0.9276385307312012
A*_zero,GBB.JLGCCCJLAAHIKM..HIKM...IDD.EEFF.,6151,52,32,0.7721621990203857
A*_zero,BBBCCKDDD..KAAI..LH.IEELHFF.J.GGG.J.,5117,48,32,0.44868898391723633
A*_zero,..HBBBE.HI.KEAAIJKFGCCJLFGDDJL......,7230,53,32,0.7996716499328613
A*_zero,BBBCCLDDEE.LAAJK..I.JKFFIGGG...HHH..,1023,46,32,0.0719611644744873
A*_zero,BBBI..G..IK.GAAJKLCCHJKL..HDDL.EEFF.,8903,54,32,0.9565620422363281
A*_zero,BBB.LM.CC.LMAAJK.MI.JKDDIEE.FFGGGHH.,8916,52,32,1.0079710483551025
A*_zero,...HBB..GH.JAAGI.JCC.I.KFDDD.KFEE...,4681,51,32,0.35814428329467773
A*_zero,BBHCC.DDH.J.GAA.JKGEEEJKG..I.....IFF,4302,49,32,0.34128856658935547
A*_zero,...IBBFG.ICCFGAAJKFDDDJK..H.JL..HEEL,8379,56,32,0.9290568828582764
A*_zero,..IBB.CCI.KLHAA.KLHDDDK.H..JEEFF.JGG,8499,53,32,0.9598720073699951
A*_zero,...GBB..FGIJAAFHIJCC.H.KEDDD.KE.....,5024,50,32,0.39917898178100586
A*_zero,HJBBCCHJ.LDDHAAL..I.KEEMI.KFFMGGG..M,1784,51,32,0.13016724586486816
A*_zero,BBB.LM.CC.LMAAJK.MI.JKDDIEEFFFGGHH..,6602,53,32,0.7660796642303467
A*_zero,.IJKBB.IJKCCAAJ...HDDD.LHEE..LFFGG.L,4003,65,32,0.29096364974975586
A*_zero,EBBB.JE.FGIJAAFGIK.CCHIK...HDD......,5787,51,32,0.6867954730987549
A*_zero,BBBIKL...IKLAA.J..GCCJDDG.HEEMFFH..M,3129,49,32,0.23569273948669434
A*_zero,BBBCCL..I..LAAI..MHDDEEMHFFJK.GG.JK.,5498,53,32,0.40296173095703125
A*_zero,...HBB..GHCCAAGIJLF..IJLFDDDKM..EEKM,4480,55,32,0.9455580711364746
A*_zero,BBB.IJF.G.IJF.GAAKFCCH.K...HDDEEEH..,3691,53,32,0.5260891914367676
A*_zero,GBBJ.MGH.JLMGHAALMCCIKL...IKDD.EEFF.,4352,50,32,0.6619963645935059
A*_zero,G.BBKLGCCCKLAAHIKL..HI.....JDD.EEJFF,5961,54,32,1.2445662021636963
A*_zero,F.HBBBF.H.JKG.AAJKG..ICCDD.I.LEEEI.L,5449,55,32,0.8722620010375977
A*_zero,.BBBCC..I..LAAI..LHDDEELHFFJK.GG.JK.,4448,51,32,0.585723876953125
A*_zero,...GBB..FGIKAAFHIKCC.HJ.EDDDJ.E.....,3952,50,32,0.8233673572540283
A*_zero,I.BBCCI.DDLMAAJ.LMEEJFFNGGGK.NHHHK..,4916,54,32,0.7773382663726807
A*_zero,...JBBGH.JK.GHAAKLGHCCKLDDI..MEEIFFM,2469,51,32,0.3695187568664551
A*_zero,BBB.I.FG..IKFGAAJKCCH.JL..HDDLEEE..L,3029,54,32,0.43491578102111816
A*_zero,BBBCC...J.DDAAJ.KLIEE.KLIFF..MGGHHHM,4113,45,32,0.8727235794067383
A*_zero,GBBBJLGCCCJLAAHIKM..HIKM...IDD.EEFF.,4194,53,32,0.6487326622009277
A*_zero,BBHCC.DDH.JKGAA.JKGEEEJKG..I.....IFF,3116,50,32,0.3225288391113281
A*_zero,...H....GHBBAAGHIKCC..IKFDDDJ.FEEEJ.,4888,57,32,0.6162075996398926
A*_zero,E.BBIKECCCIKAAFGJL..FGJL...HDD...H..,4373,59,32,0.3735926151275635
A*_zero,.BBCCC...JDD.AAJ...HIEEL.HI.KLFFGGKL,4111,57,32,0.32527661323547363
A*_zero,HIBBCCHI...MHIAALMDDJKLM..JKEE.FFGG.,2827,47,32,0.2352914810180664
A*_zero,BB.KCCH..KDDHAAL..IEEL.MI.JFFM..JGGM,2988,58,32,0.42356014251708984
A*_zero,GBBBKLGCCCKLAAHIK...HI.....JDD.EEJFF,5505,59,32,0.48399996757507324
A*_zero,BBBCCK..IDDKAAI.JLEEFFJLH..GG.H.....,3109,47,32,0.24424052238464355
A*_zero,.BBCC...IJDDAAIJ....IKEEHFFK.LHGGG.L,971,57,32,0.060683250427246094
A*_zero,...HBB..GH.JAAGI.JCC.I.KFDDD.KFEEE..,2978,51,32,0.23104572296142578
A*_zero,FBBBJ.F.G.J.AAGI....HICCDDHI.KEEE..K,4307,53,32,0.5528204441070557
A*_zero,BBBCCL.....L.AAJKMDDIJKMH.IJEEHFFGG.,4869,45,32,0.40478968620300293
A*_zero,..IJBBG.IJKLGAA.KLCCDDK..HEE.M.HFFFM,4611,50,32,0.3778054714202881
A*_zero,GBBIJLG..IJLAAHI....HCCCDDD.KMEEFFKM,4731,47,32,0.6321761608123779
A*_zero,.BBBJK.CCCJKAAHIJ.G.HIDDGEEI.LFFF..L,3106,56,32,0.24291062355041504
A*_zero,.FBBB..F.HCCAA.HIJ.DDDIJ..G.IK..GEEK,5329,56,32,0.46489977836608887
A*_zero,BBJ.CCDDJ..MIAA.LMIEEELMI..KFFGG.KHH,4692,52,32,0.600452184677124
A*_zero,H.BBBLH.CCKLH.AAKMDDIJKM..IJEE.FFGG.,5241,45,32,0.4656369686126709
A*_zero,GBBCCLG.HDDLAAHI.....IEEFFFJK....JK.,1674,58,32,0.12457728385925293
A*_zero,.HBBCC.H.JDDAA.JKLGEEEKLG.IFFLG.I...,4912,55,32,0.6263308525085449
A*_zero,GBBB.LG.CCKLH.AAKMHDDJKM..IJEEFFIJ..,4439,51,32,0.36358070373535156
A*_zero,BBBI..G..I.KGAAJ.KCCHJ.L..HDDL.EEFF.,2989,50,32,0.22891664505004883
A*_zero,HBBL..HIJLCCHIJAAMDDK..MEEK..NFFGG.N,1317,57,32,0.0898587703704834
A*_zero,BBI..LFHI..LFHAA.MGCCK.MG.JKDDG.JEEE,2476,46,32,0.19510149955749512
A*_zero,IJBBCCIJDD.N.JAAMNEEKLMN..KLFF.GGHH.,4827,49,32,0.6143848896026611
A*_zero,...HBB..GHJ.AAGIJ.CC.IK.FDDDK.FEE...,2745,51,32,0.205078125
A*_zero,BBBCCMDDJEEMAAJ..NIFFKLNIGGKL....KHH,3613,46,32,0.29586267471313477
A*_zero,...HBB..GHCCAAGIJLF..IJLFDDDKM.EEEKM,2924,55,32,0.2345740795135498
A*_zero,GBBCCKGDDD.KAAHI.K..HIEE.FFFJ.....J.,3040,50,32,0.23313093185424805
A*_zero,BBBCCL..JDDLAAJK.MIEEK.MI..KFFGGHH..,3275,46,32,0.45791077613830566
A*_zero,BBB..JG.HCCJG.HAAKGDDI.K...IEEFFFI..,1575,53,32,0.1033473014831543
A*_zero,BBBJCCH..JDDHAAJ.K..IEEK..IFFLGGG..L,3274,53,32,0.23199939727783203
A*_zero,BBB..JGCCC.JG.HAAKDDHI.K...IEEFFFI..,2089,53,32,0.14122819900512695
A*_zero,GHBBB.GH.JK.GAAJK.CCI.K...IDD..EEFF.,3175,50,32,0.233870267868042
A*_zero,.FBBJ..FGHJLAAGHKLECCIKLE..I..E.DDD.,2347,43,32,0.16855287551879883
A*_zero,BBBIKLGCCIKLGAAJ..DDHJEE..HFFM.....M,1799,58,32,0.12172818183898926
A*_zero,BB..K..CCCKLAAIJKL..IJDDHEEE.MHFFGGM,3056,52,32,0.23415684700012207
A*_zero,.BBCCK.DDD.KAAIJ..H.IJEEHFFJ.LGGG..L,1962,51,32,0.3312804698944092
A*_zero,BBB.JK..H.JKAAH.JLGCCDDLGEEI..FFFI..,4296,56,32,0.3287816047668457
A*_zero,..HBBB..H.KLAAI.KLCCIDDLG..JEEGFFJ..,3763,51,32,0.27014970779418945
A*_zero,..IJBBG.IJKLGAA.KLCCDDKM.HEEEM.HFF..,3353,51,32,0.2642033100128174
